"length","memory"
2,5064
2,992
2,992
2,10880
2,4176
2,3208
2,824
2,824
2,824
3,1672
3,952
3,952
3,952
3,952
3,952
3,952
3,952
3,952
3,832
3,856
3,856
3,856
3,832
3,856
3,856
3,856
3,832
3,728
3,728
3,728
3,728
3,728
3,728
3,728
3,728
3,728
3,2184
3,1927
3,1824
3,1376
3,1376
3,1376
3,1376
3,1864
3,1376
3,1800
3,568
3,568
3,568
3,568
3,568
3,2168
3,1424
3,1352
6,624
6,680
6,680
6,680
6,624
6,680
6,680
6,680
6,624
6,1320
6,776
6,776
6,776
6,776
6,776
6,776
6,776
6,776
6,1744
6,1320
6,904
6,904
6,904
6,904
6,904
6,904
6,904
6,1920
6,1920
6,1712
6,1432
6,1920
6,1432
6,1432
6,1432
6,1432
3,7208
3,4616
3,4064
3,13785
3,8936
3,7832
3,3024
3,3024
3,3024
6,8936
6,7736
6,7800
6,7248
6,6696
6,6696
6,6696
6,6696
6,6696
6,3552
6,3552
6,3552
6,3552
6,3552
6,3552
6,3552
6,3552
6,3552
6,3552
6,3552
6,3552
6,3552
6,3552
6,3552
6,3552
6,3552
6,3552
6,7800
6,7616
6,7064
6,7064
6,7864
6,7399
6,7312
6,7312
6,7312
3,824
3,824
3,824
3,824
3,824
3,824
3,824
3,824
3,824
6,824
6,824
6,824
6,824
6,824
6,824
6,824
6,824
6,824
6,824
6,824
6,824
6,824
6,824
6,824
6,824
6,824
6,824
6,824
6,824
6,824
6,824
6,824
6,824
6,824
6,824
6,824
6,824
6,824
6,824
6,824
6,824
6,824
6,824
6,824
6,824
4,952
4,952
4,952
4,952
4,952
4,952
4,952
4,952
4,952
7,952
7,952
7,952
7,952
7,952
7,952
7,952
7,952
7,952
7,952
7,952
7,952
7,952
7,952
7,952
7,952
7,952
7,952
7,952
7,952
7,952
7,952
7,952
7,952
7,952
7,952
7,952
7,952
7,952
7,952
7,952
7,952
7,952
7,952
7,952
7,952
4,952
4,952
4,952
4,952
4,952
4,952
4,952
4,952
4,952
7,952
7,952
7,952
7,952
7,952
7,952
7,952
7,952
7,952
7,952
7,952
7,952
7,952
7,952
7,952
7,952
7,952
7,952
7,952
7,952
7,952
7,952
7,952
7,952
7,952
7,952
7,952
7,952
7,952
7,952
7,952
7,952
7,952
7,952
7,952
7,952
4,2223
4,952
4,952
4,952
4,952
4,952
4,952
4,952
4,952
7,952
7,952
7,952
7,952
7,952
7,952
7,952
7,952
7,952
7,952
7,952
7,952
7,952
7,952
7,952
7,952
7,952
7,952
7,952
7,952
7,952
7,952
7,952
7,952
7,952
7,952
7,952
7,952
7,952
7,952
7,952
7,952
7,952
7,952
7,952
7,952
4,856
4,880
4,880
4,2432
4,2432
4,2432
4,1136
4,1136
4,1136
7,2400
7,2432
7,2432
7,2432
7,2464
7,2464
7,2432
7,2464
7,2464
7,1088
7,1144
7,1144
7,1144
7,1144
7,1192
7,1144
7,1192
7,1144
7,968
7,968
7,968
7,1016
7,1016
7,1064
7,1016
7,1064
7,1016
7,1688
7,2792
7,2792
7,2909
7,2888
7,2832
7,2824
7,2888
7,2888
4,880
4,856
4,880
4,2432
4,2432
4,2432
4,1136
4,1136
4,1136
7,2464
7,2432
7,2464
7,2432
7,2400
7,2432
7,2464
7,2432
7,2464
7,1144
7,1144
7,1192
7,1144
7,1088
7,1144
7,1192
7,1144
7,1144
7,1016
7,1016
7,1064
7,968
7,968
7,968
7,1064
7,1016
7,1016
7,2888
7,2824
7,2832
7,2792
7,1688
7,2792
7,2888
7,2824
7,2888
4,880
4,880
4,856
4,2432
4,2432
4,2432
4,1136
4,1136
4,1136
7,2464
7,2464
7,2432
7,2464
7,2464
7,2432
7,2432
7,2432
7,2400
7,1144
7,1192
7,1144
7,1192
7,1144
7,1144
7,1144
7,1144
7,1088
7,1016
7,1064
7,1016
7,1064
7,1016
7,1016
7,968
7,968
7,968
7,2888
7,2832
7,2824
7,2832
7,2888
7,2824
7,2792
7,2792
7,1688
4,728
4,704
4,752
4,728
4,752
4,728
4,2304
4,728
4,2304
4,728
4,2304
4,728
4,1008
4,1560
4,1008
4,1560
4,1008
4,1496
7,1032
7,728
7,1736
7,728
7,1736
7,728
7,1736
7,760
7,1776
7,760
7,1776
7,808
7,1736
7,760
7,1776
7,808
7,1776
7,760
7,968
7,776
7,968
7,2040
7,968
7,2592
7,1016
7,2040
7,1016
7,2080
7,1064
7,2080
7,1016
7,2040
7,1064
7,2136
7,1016
7,2136
7,840
7,2136
7,888
7,2176
7,888
7,2176
7,888
7,2168
7,888
7,2208
7,936
7,2208
7,888
7,2168
7,936
7,2208
7,888
7,2208
7,1560
7,2632
7,2104
7,2664
7,2104
7,2664
7,2104
7,2664
7,2152
7,2704
7,2144
7,2760
7,2104
7,2664
7,2152
7,2760
7,2152
7,2760
4,752
4,728
4,728
4,704
4,752
4,728
4,2304
4,728
4,2304
4,728
4,2304
4,728
4,1008
4,1560
4,1008
4,1560
4,1008
4,1496
7,1776
7,760
7,1736
7,760
7,1776
7,808
7,1736
7,728
7,1032
7,728
7,1736
7,728
7,1776
7,808
7,1736
7,760
7,1776
7,760
7,1016
7,2080
7,1016
7,2040
7,1064
7,2080
7,968
7,2040
7,968
7,776
7,968
7,2040
7,1064
7,2136
7,1016
7,2040
7,1016
7,2136
7,888
7,2208
7,888
7,2168
7,936
7,2208
7,888
7,2176
7,840
7,2136
7,888
7,2176
7,936
7,2208
7,888
7,2168
7,888
7,2208
7,2152
7,2704
7,2104
7,2664
7,2144
7,2760
7,2104
7,2664
7,1560
7,2632
7,2104
7,2664
7,2152
7,2760
7,2104
7,2664
7,2152
7,2760
4,728
4,728
4,728
4,728
4,728
4,704
4,728
4,728
4,728
4,728
4,728
4,728
4,728
4,1560
4,728
4,1560
4,728
4,1496
7,1840
7,760
7,728
7,808
7,728
7,760
7,728
7,808
7,728
7,760
7,728
7,760
7,728
7,728
7,728
7,728
7,728
7,728
7,728
7,2080
7,728
7,2080
7,728
7,2040
7,728
7,2080
7,728
7,2080
7,728
7,2040
7,728
7,2040
7,728
7,2040
7,728
7,776
7,728
7,2208
7,728
7,2208
7,728
7,2168
7,728
7,2208
7,728
7,2208
7,728
7,2168
7,728
7,2176
7,728
7,2176
7,728
7,2136
7,728
7,2704
7,728
7,2704
7,728
7,2664
7,728
7,2704
7,728
7,2704
7,728
7,2664
7,728
7,2664
7,728
7,2664
7,728
7,2632
4,1936
4,1936
4,1936
4,3120
4,3120
4,3120
4,1936
4,1936
4,1936
7,2760
7,2760
7,2760
7,2760
7,2768
7,2768
7,2760
7,2768
7,2768
7,2760
7,3016
7,3016
7,3016
7,2760
7,3190
7,3016
7,2760
7,2760
7,3112
7,2760
7,2760
7,3144
7,3184
7,2760
7,3144
7,3184
7,3184
7,3704
7,3096
7,3096
7,3096
7,3872
7,3136
7,3096
7,3144
7,3928
4,1936
4,1936
4,1936
4,3120
4,3120
4,3120
4,1936
4,1936
4,1936
7,2768
7,2760
7,2768
7,2760
7,2760
7,2760
7,2768
7,2760
7,2768
7,2760
7,3016
7,2760
7,3016
7,2760
7,3016
7,2760
7,3016
7,2760
7,3184
7,3144
7,2760
7,2760
7,3112
7,2760
7,3184
7,3144
7,3184
7,3872
7,3096
7,3136
7,3096
7,3704
7,3096
7,3144
7,3096
7,3928
4,1936
4,1936
4,1936
4,2352
4,2352
4,2352
4,2360
4,2360
4,2248
7,2760
7,2760
7,2760
7,2760
7,2760
7,2760
7,2760
7,2760
7,2760
7,3056
7,3056
7,3016
7,3056
7,3056
7,3016
7,3016
7,3016
7,2760
7,3184
7,3184
7,3144
7,3184
7,3184
7,3144
7,3152
7,3152
7,3112
7,3680
7,3680
7,3640
7,3680
7,3680
7,3640
7,3640
7,3640
7,3608
5,984
5,984
5,984
5,984
5,984
5,984
5,984
5,984
5,984
8,984
8,984
8,984
8,984
8,984
8,984
8,984
8,984
8,984
8,984
8,984
8,984
8,984
8,984
8,984
8,984
8,984
8,984
8,984
8,984
8,984
8,984
8,984
8,984
8,984
8,984
8,984
8,984
8,984
8,984
8,984
8,984
8,984
8,984
8,984
8,984
5,984
5,984
5,984
5,984
5,984
5,984
5,984
5,984
5,984
8,984
8,984
8,984
8,984
8,984
8,984
8,984
8,984
8,984
8,984
8,984
8,984
8,984
8,984
8,984
8,984
8,984
8,984
8,984
8,984
8,984
8,984
8,984
8,984
8,984
8,984
8,984
8,984
8,984
8,984
8,984
8,984
8,984
8,984
8,984
8,984
5,984
5,984
5,984
5,2552
5,2552
5,2552
5,1224
5,1224
5,1224
8,1384
8,1384
8,1384
8,1384
8,1384
8,1384
8,1384
8,1384
8,1384
8,1232
8,1288
8,1288
8,1288
8,1232
8,1288
8,1288
8,1288
8,1232
8,1112
8,1160
8,1160
8,1160
8,1112
8,1160
8,1160
8,1160
8,1112
8,1784
8,1784
8,1784
8,1784
8,1784
8,1784
8,1784
8,1784
8,1784
5,2568
5,2568
5,2568
5,2568
5,2568
5,2568
5,2568
5,2568
5,2568
8,2568
8,2568
8,2568
8,2568
8,2568
8,2568
8,2568
8,2568
8,2568
8,2568
8,2568
8,2568
8,2568
8,2568
8,2568
8,2568
8,2568
8,2568
8,2568
8,2568
8,2568
8,2568
8,2568
8,2568
8,2568
8,2568
8,2568
8,2568
8,2568
8,2568
8,2568
8,2568
8,2568
8,2568
8,2568
8,2568
5,2568
5,2568
5,2568
5,2568
5,2568
5,2568
5,2568
5,2568
5,2568
8,2568
8,2568
8,2568
8,2568
8,2568
8,2568
8,2568
8,2568
8,2568
8,2568
8,2568
8,2568
8,2568
8,2568
8,2568
8,2568
8,2568
8,2568
8,2568
8,2568
8,2568
8,2568
8,2568
8,2568
8,2568
8,2568
8,2568
8,2568
8,2568
8,2568
8,2568
8,2568
8,2568
8,2568
8,2568
8,2568
5,2568
5,2568
5,2568
5,2568
5,2568
5,2568
5,2568
5,2568
5,2568
8,2568
8,2568
8,2568
8,2568
8,2568
8,2568
8,2568
8,2568
8,2568
8,2568
8,2568
8,2568
8,2568
8,2568
8,2568
8,2568
8,2688
8,2568
8,2568
8,2568
8,2568
8,2568
8,2568
8,2568
8,2568
8,2568
8,2568
8,2568
8,2568
8,2568
8,2568
8,2568
8,2568
8,2568
8,2568
8,2568
5,1240
5,1240
5,1240
5,1240
5,1240
5,1240
5,1240
5,1240
5,1240
8,1240
8,1240
8,1240
8,1240
8,1240
8,1240
8,1240
8,1240
8,1240
8,1240
8,1240
8,1240
8,1240
8,1240
8,1240
8,1240
8,1240
8,1240
8,1240
8,1240
8,1240
8,1240
8,1240
8,1240
8,1240
8,1240
8,1240
8,1240
8,1240
8,1240
8,1240
8,1240
8,1240
8,1240
8,1240
8,1240
5,1240
5,1240
5,1240
5,1240
5,1240
5,1240
5,1240
5,1240
5,1240
8,1240
8,1240
8,1240
8,1240
8,1240
8,1240
8,1240
8,1240
8,1240
8,1240
8,1240
8,1240
8,1240
8,1240
8,1240
8,1240
8,1240
8,1240
8,1240
8,1240
8,1240
8,1240
8,1240
8,1240
8,1240
8,1240
8,1240
8,1240
8,1240
8,1240
8,1240
8,1240
8,1240
8,1240
8,1240
8,1240
5,1240
5,1240
5,1240
5,1240
5,1240
5,1240
5,1240
5,1240
5,1240
8,1240
8,1240
8,1240
8,1240
8,1240
8,1240
8,1240
8,1240
8,1240
8,1240
8,1240
8,1240
8,1240
8,1240
8,1240
8,1240
8,1240
8,1240
8,1240
8,1240
8,1240
8,1240
8,1240
8,1240
8,1240
8,1240
8,1240
8,1240
8,1240
8,1240
8,1240
8,1240
8,1240
8,1240
8,1240
8,1240
8,1400
8,1400
8,1400
8,1400
8,1400
8,1400
8,1400
8,1400
8,1400
11,1400
11,1400
11,1400
11,1400
11,1400
11,1400
11,1400
11,1400
11,1400
11,1400
11,1400
11,1400
11,1400
11,1400
11,1400
11,1400
11,1400
11,1400
11,1400
11,1400
11,1400
11,1400
11,1400
11,1400
11,1400
11,1400
11,1400
11,1400
11,1400
11,1400
11,1400
11,1400
11,1400
11,1400
11,1400
11,1400
8,1400
8,1400
8,1400
8,1400
8,1400
8,1400
8,1400
8,1400
8,1400
11,1400
11,1400
11,1400
11,1400
11,1400
11,1400
11,1400
11,1400
11,1400
11,1400
11,1400
11,1400
11,1400
11,1400
11,1400
11,1400
11,1400
11,1400
11,1400
11,1400
11,1400
11,1400
11,1400
11,1400
11,1400
11,1400
11,1400
11,1400
11,1400
11,1400
11,1400
11,1400
11,1400
11,1400
11,1400
11,1400
8,1400
8,1400
8,1400
8,1400
8,1400
8,1400
8,1400
8,1400
8,1400
11,1400
11,1400
11,1400
11,1400
11,1400
11,1400
11,1400
11,1400
11,1400
11,1400
11,1400
11,1400
11,1400
11,1400
11,1400
11,1400
11,1400
11,1400
11,1400
11,1400
11,1400
11,1400
11,1400
11,1400
11,1400
11,1400
11,1400
11,1400
11,1400
11,1400
11,1400
11,1400
11,1400
11,1400
11,1400
11,1400
8,1400
8,1400
8,1400
8,1400
8,1400
8,1400
8,1400
8,1400
8,1400
11,1400
11,1400
11,1400
11,1400
11,1400
11,1400
11,1400
11,1400
11,1400
11,1400
11,1400
11,1400
11,1400
11,1400
11,1400
11,1400
11,1400
11,1400
11,1400
11,1400
11,1400
11,1400
11,1400
11,1400
11,1400
11,1400
11,1400
11,1400
11,1400
11,1400
11,1400
11,1400
11,1400
11,1400
11,1400
11,1400
8,1400
8,1400
8,1400
8,1400
8,1400
8,1400
8,1400
8,1400
8,1400
11,1400
11,1400
11,1400
11,1400
11,1400
11,1400
11,1400
11,1480
11,1400
11,1400
11,1400
11,1400
11,1400
11,1400
11,1400
11,1400
11,1400
11,1400
11,1400
11,1400
11,1400
11,1400
11,1400
11,1400
11,1400
11,1400
11,1400
11,1400
11,1400
11,1400
11,1400
11,1400
11,1400
11,1400
11,1400
11,1400
8,1400
8,1400
8,1400
8,1400
8,1400
8,1400
8,1400
8,1400
8,1400
11,1400
11,1400
11,1400
11,1400
11,1400
11,1400
11,1400
11,1400
11,1400
11,1400
11,1400
11,1400
11,1400
11,1400
11,1400
11,1400
11,1400
11,1400
11,1400
11,1400
11,1400
11,1400
11,1400
11,1400
11,1400
11,1400
11,1400
11,1400
11,1400
11,1400
11,1400
11,1400
11,1400
11,1400
11,1400
11,1400
8,1400
8,1400
8,1400
8,1400
8,1400
8,1400
8,1400
8,1400
8,1400
11,1400
11,1400
11,1400
11,1400
11,1400
11,1400
11,1400
11,1400
11,1400
11,1400
11,1400
11,1400
11,1400
11,1400
11,1400
11,1400
11,1400
11,1400
11,1400
11,1400
11,1400
11,1400
11,1400
11,1400
11,1400
11,1400
11,1400
11,1400
11,1400
11,1400
11,1400
11,1400
11,1400
11,1400
11,1400
11,1400
8,1400
8,1400
8,1400
8,1400
8,1400
8,1400
8,1400
8,1400
8,1400
11,1400
11,1400
11,1400
11,1400
11,1400
11,1400
11,1400
11,1400
11,1400
11,1400
11,1400
11,1400
11,1400
11,1400
11,1400
11,1400
11,1400
11,1400
11,1400
11,1400
11,1400
11,1400
11,1400
11,1400
11,1400
11,1400
11,1400
11,1400
11,1400
11,1400
11,1400
11,1400
11,1400
11,1400
11,1400
11,1400
8,1400
8,1400
8,1400
8,1400
8,1400
8,1400
8,1400
8,1400
8,1400
11,1400
11,1400
11,1400
11,1400
11,1400
11,1400
11,1400
11,1400
11,1400
11,1400
11,1400
11,1400
11,1400
11,1400
11,1400
11,1400
11,1400
11,1400
11,1400
11,1400
11,1400
11,1400
11,1400
11,1400
11,1400
11,1400
11,1400
11,1400
11,1400
11,1400
11,1400
11,1400
11,1400
11,1400
11,1400
11,1400
8,1248
8,1248
8,1248
8,1248
8,1248
8,1248
8,1248
8,1248
8,1248
11,1248
11,1248
11,1248
11,1248
11,1248
11,1248
11,1248
11,1248
11,1248
11,1248
11,1248
11,1248
11,1248
11,1248
11,1248
11,1248
11,1248
11,1248
11,1248
11,1248
11,1248
11,1248
11,1248
11,1248
11,1248
11,1248
11,1248
11,1248
11,1248
11,1248
11,1248
11,1248
11,1248
11,1248
11,1248
11,1248
8,1304
8,1304
8,1304
8,1304
8,1304
8,1304
8,1304
8,1304
8,1304
11,1304
11,1304
11,1304
11,1304
11,1304
11,1304
11,1304
11,1304
11,1304
11,1304
11,1304
11,1304
11,1304
11,1304
11,1304
11,1304
11,1304
11,1304
11,1304
11,1304
11,1304
11,1304
11,1304
11,1304
11,1304
11,1304
11,1304
11,1304
11,1304
11,1304
11,1304
11,1304
11,1304
11,1304
11,1304
11,1304
8,1304
8,1304
8,1304
8,1304
8,1304
8,1304
8,1304
8,1304
8,1304
11,1304
11,1304
11,1304
11,1304
11,1304
11,1304
11,1304
11,1304
11,1304
11,1304
11,1304
11,1304
11,1304
11,1304
11,1304
11,1304
11,1304
11,1304
11,1304
11,1304
11,1304
11,1304
11,1304
11,1304
11,1304
11,1304
11,1304
11,1304
11,1304
11,1304
11,1304
11,1304
11,1304
11,1304
11,1304
11,1304
8,1304
8,1304
8,1304
8,1304
8,1304
8,1304
8,1304
8,1304
8,1304
11,1304
11,1304
11,1304
11,1304
11,1304
11,1304
11,1304
11,1304
11,1304
11,1304
11,1304
11,1304
11,1304
11,1304
11,1304
11,1304
11,1304
11,1304
11,1304
11,1304
11,1304
11,1304
11,1304
11,1304
11,1304
11,1304
11,1304
11,1304
11,1304
11,1304
11,1304
11,1304
11,1304
11,1304
11,1304
11,1304
8,1248
8,1248
8,1248
8,1248
8,1248
8,1248
8,1248
8,1248
8,1248
11,1248
11,1248
11,1248
11,1248
11,1248
11,1248
11,1248
11,1248
11,1248
11,1248
11,1248
11,1248
11,1248
11,1248
11,1248
11,1248
11,1248
11,1248
11,1248
11,1248
11,1248
11,1248
11,1248
11,1248
11,1248
11,1248
11,1248
11,1248
11,1248
11,1248
11,1248
11,1248
11,1248
11,1248
11,1248
11,1248
8,1304
8,1304
8,1304
8,1304
8,1304
8,1304
8,1304
8,1304
8,1304
11,1304
11,1304
11,1304
11,1304
11,1304
11,1304
11,1304
11,1304
11,1304
11,1304
11,1304
11,1304
11,1304
11,1304
11,1304
11,1304
11,1304
11,1304
11,1304
11,1304
11,1304
11,1304
11,1304
11,1304
11,1304
11,1304
11,1304
11,1304
11,1304
11,1304
11,1304
11,1304
11,1304
11,1304
11,1304
11,1304
8,1304
8,1304
8,1304
8,1304
8,1304
8,1304
8,1304
8,1304
8,1304
11,1304
11,1304
11,1304
11,1304
11,1304
11,1304
11,1304
11,1304
11,1304
11,1304
11,1304
11,1304
11,1304
11,1304
11,1304
11,1304
11,1304
11,1304
11,1304
11,1304
11,1304
11,1304
11,1304
11,1304
11,1304
11,1304
11,1304
11,1304
11,1304
11,1304
11,1304
11,1304
11,1304
11,1304
11,1304
11,1304
8,1304
8,1304
8,1304
8,1304
8,1304
8,1304
8,1304
8,1304
8,1304
11,1304
11,1304
11,1304
11,1304
11,1304
11,1304
11,1304
11,1304
11,1304
11,1304
11,1304
11,1304
11,1304
11,1304
11,1304
11,1304
11,1304
11,1304
11,1304
11,1304
11,1304
11,1304
11,1304
11,1304
11,1304
11,1304
11,1304
11,1304
11,1304
11,1304
11,1304
11,1304
11,1304
11,1304
11,1304
11,1304
8,1248
8,1248
8,1248
8,1248
8,1248
8,1248
8,1248
8,1248
8,1248
11,1248
11,1248
11,1248
11,1248
11,1248
11,1248
11,1248
11,1248
11,1248
11,1248
11,1248
11,1248
11,1248
11,1248
11,1248
11,1248
11,1248
11,1248
11,1248
11,1248
11,1248
11,1248
11,1248
11,1248
11,1248
11,1248
11,1248
11,1248
11,1248
11,1248
11,1248
11,1248
11,1248
11,1248
11,1248
11,1248
8,1128
8,1128
8,1128
8,2552
8,2552
8,2552
8,1224
8,1224
8,1224
11,1384
11,1384
11,1384
11,1384
11,1384
11,1384
11,1384
11,1384
11,1384
11,1232
11,1288
11,1288
11,1288
11,1232
11,1288
11,1288
11,1288
11,1232
11,1128
11,1160
11,1160
11,1160
11,1128
11,1160
11,1160
11,1160
11,1128
11,1784
11,1784
11,1784
11,1784
11,1784
11,1784
11,1784
11,1784
11,1784
8,1176
8,1176
8,1176
8,1176
8,1176
8,1176
8,1176
8,1176
8,1176
11,1176
11,1176
11,1176
11,1176
11,1176
11,1176
11,1176
11,1176
11,1176
11,1176
11,1176
11,1176
11,1176
11,1176
11,1176
11,1176
11,1176
11,1176
11,1176
11,1176
11,1176
11,1176
11,1176
11,1176
11,1176
11,1176
11,1176
11,1176
11,1176
11,1176
11,1176
11,1176
11,1176
11,1176
11,1176
11,1176
8,1176
8,1176
8,1176
8,1176
8,1176
8,1176
8,1176
8,1176
8,1176
11,1176
11,1176
11,1176
11,1176
11,1176
11,1176
11,1176
11,1176
11,1176
11,1176
11,1176
11,1176
11,1176
11,1176
11,1176
11,1176
11,1176
11,1176
11,1176
11,1176
11,1176
11,1176
11,1176
11,1176
11,1176
11,1176
11,1176
11,1176
11,1176
11,1176
11,1176
11,1176
11,1176
11,1176
11,1176
11,1176
8,1176
8,1176
8,1176
8,1176
8,1176
8,1176
8,1176
8,1176
8,1176
11,1176
11,1176
11,1176
11,1176
11,1176
11,1176
11,1176
11,1176
11,1176
11,1176
11,1176
11,1176
11,1176
11,1176
11,1176
11,1176
11,1176
11,1176
11,1176
11,1176
11,1176
11,1176
11,1176
11,1176
11,1176
11,1176
11,1176
11,1176
11,1176
11,1176
11,1176
11,1176
11,1176
11,1176
11,1176
11,1176
8,1128
8,1128
8,1128
8,2552
8,2552
8,2552
8,1224
8,1224
8,1224
11,1384
11,1384
11,1384
11,1384
11,1384
11,1384
11,1384
11,1384
11,1384
11,1232
11,1288
11,1288
11,1288
11,1232
11,1288
11,1288
11,1288
11,1232
11,1128
11,1160
11,1160
11,1160
11,1128
11,1160
11,1160
11,1160
11,1128
11,1784
11,1784
11,1784
11,1784
11,1784
11,1784
11,1784
11,1760
11,1760
8,1176
8,1176
8,1176
8,1176
8,1176
8,1176
8,1176
8,1176
8,1176
11,1176
11,1176
11,1176
11,1176
11,1176
11,1176
11,1176
11,1176
11,1176
11,1176
11,1176
11,1176
11,1176
11,1176
11,1176
11,1176
11,1176
11,1176
11,1176
11,1176
11,1176
11,1176
11,1176
11,1176
11,1176
11,1176
11,1176
11,1176
11,1176
11,1176
11,1176
11,1176
11,1176
11,1176
11,1176
11,1176
8,1176
8,1176
8,1176
8,2552
8,2552
8,2552
8,1224
8,1224
8,1224
11,1384
11,1384
11,1384
11,1384
11,1384
11,1384
11,1384
11,1384
11,1384
11,1232
11,1288
11,1288
11,1288
11,1232
11,1288
11,1288
11,1288
11,1232
11,1176
11,1176
11,1176
11,1176
11,1176
11,1176
11,1176
11,1176
11,1176
11,1760
11,1760
11,1760
11,1760
11,1760
11,1760
11,1760
11,1760
11,1760
8,1176
8,1176
8,1176
8,2552
8,2552
8,2552
8,1224
8,1224
8,1224
11,1384
11,1384
11,1384
11,1384
11,1384
11,1384
11,1384
11,1384
11,1384
11,1232
11,1288
11,1288
11,1288
11,1232
11,1288
11,1288
11,1288
11,1232
11,1176
11,1176
11,1176
11,1176
11,1176
11,1176
11,1176
11,1176
11,1176
11,1760
11,1760
11,1760
11,1760
11,1760
11,1760
11,1760
11,1760
11,1760
8,1128
8,1128
8,1128
8,2552
8,2552
8,2552
8,1224
8,1224
8,1224
11,1384
11,1384
11,1384
11,1384
11,1384
11,1384
11,1384
11,1384
11,1384
11,1232
11,1288
11,1288
11,1288
11,1232
11,1288
11,1288
11,1288
11,1232
11,1128
11,1160
11,1160
11,1160
11,1128
11,1160
11,1160
11,1160
11,1128
11,1760
11,1760
11,1760
11,1760
11,1760
11,1760
11,1760
11,1760
11,1760
8,1776
8,1776
8,1776
8,2600
8,2600
8,2600
8,1776
8,1776
8,1776
11,1776
11,1776
11,1776
11,1776
11,1776
11,1776
11,1776
11,1776
11,1776
11,1776
11,1776
11,1776
11,1776
11,1776
11,1776
11,1776
11,1776
11,1776
11,1776
11,1776
11,1776
11,1776
11,1776
11,1776
11,1776
11,1776
11,1776
11,1776
11,1776
11,1776
11,1776
11,1776
11,1776
11,1776
11,1776
11,1776
8,1776
8,1776
8,1776
8,1776
8,1776
8,1776
8,1776
8,1776
8,1776
11,1776
11,1776
11,1776
11,1776
11,1776
11,1776
11,1776
11,1776
11,1776
11,1776
11,1776
11,1776
11,1776
11,1776
11,1776
11,1776
11,1776
11,1776
11,1776
11,1776
11,1776
11,1776
11,1776
11,1776
11,1776
11,1776
11,1776
11,1776
11,1776
11,1776
11,1776
11,1776
11,1776
11,1776
11,1776
11,1776
8,1776
8,1776
8,1776
8,1776
8,1776
8,1776
8,1776
8,1776
8,1776
11,1776
11,1776
11,1776
11,1776
11,1776
11,1776
11,1776
11,1776
11,1776
11,1776
11,1776
11,1776
11,1776
11,1776
11,1776
11,1776
11,1776
11,1776
11,1776
11,1776
11,1776
11,1776
11,1776
11,1776
11,1776
11,1776
11,1776
11,1776
11,1776
11,1776
11,1776
11,1776
11,1776
11,1776
11,1776
11,1776
8,1776
8,1776
8,1776
8,1776
8,1776
8,1776
8,1776
8,1776
8,1776
11,1776
11,1776
11,1776
11,1776
11,1776
11,1776
11,1776
11,1776
11,1776
11,1776
11,1776
11,1776
11,1776
11,1776
11,1776
11,1776
11,1776
11,1776
11,1776
11,1776
11,1776
11,1776
11,1776
11,1776
11,1776
11,1776
11,1776
11,1776
11,1776
11,1776
11,1776
11,1776
11,1776
11,1776
11,1776
11,1776
8,1776
8,1776
8,1776
8,2600
8,2600
8,2600
8,1776
8,1776
8,1776
11,1776
11,1776
11,1776
11,1776
11,1776
11,1776
11,1776
11,1776
11,1776
11,1776
11,1776
11,1776
11,1776
11,1776
11,1776
11,1776
11,1776
11,1776
11,1776
11,1776
11,1776
11,1776
11,1776
11,1776
11,1776
11,1776
11,1776
11,1776
11,1776
11,1776
11,1776
11,1776
11,1776
11,1776
11,1776
11,1776
8,1776
8,1776
8,1776
8,1776
8,1776
8,1776
8,1776
8,1776
8,1776
11,1776
11,1776
11,1776
11,1776
11,1776
11,1776
11,1776
11,1776
11,1776
11,1776
11,1776
11,1776
11,1776
11,1776
11,1776
11,1776
11,1776
11,1776
11,1776
11,1776
11,1776
11,1776
11,1776
11,1776
11,1776
11,1776
11,1776
11,1776
11,1776
11,1776
11,1776
11,1776
11,1776
11,1776
11,1776
11,1776
8,1776
8,1776
8,1776
8,1776
8,1776
8,1776
8,1776
8,1776
8,1776
11,1776
11,1776
11,1776
11,1776
11,1776
11,1776
11,1776
11,1776
11,1776
11,1776
11,1776
11,1776
11,1776
11,1776
11,1776
11,1776
11,1776
11,1776
11,1776
11,1776
11,1776
11,1776
11,1776
11,1776
11,1776
11,1776
11,1776
11,1776
11,1776
11,1776
11,1776
11,1776
11,1776
11,1776
11,1776
11,1776
8,1776
8,1776
8,1776
8,1776
8,1776
8,1776
8,1776
8,1776
8,1776
11,1776
11,1776
11,1776
11,1776
11,1776
11,1776
11,1776
11,1776
11,1776
11,1776
11,1776
11,1776
11,1776
11,1776
11,1776
11,1776
11,1776
11,1776
11,1776
11,1776
11,1776
11,1776
11,1776
11,1776
11,1776
11,1776
11,1776
11,1776
11,1776
11,1776
11,1776
11,1776
11,1776
11,1776
11,1776
11,1776
8,1776
8,1776
8,1776
8,2600
8,2600
8,2600
8,1776
8,1776
8,1776
11,1776
11,1776
11,1776
11,1776
11,1776
11,1776
11,1776
11,1776
11,1776
11,1776
11,1776
11,1776
11,1776
11,1776
11,1776
11,1776
11,1776
11,1776
11,1776
11,1776
11,1776
11,1776
11,1776
11,1776
11,1776
11,1776
11,1776
11,1776
11,1776
11,1776
11,1776
11,1776
11,1776
11,1776
11,1776
11,1776
5,832
5,880
5,880
5,2432
5,2432
5,2432
5,1136
5,1136
5,1136
8,1160
8,1864
8,1864
8,1864
8,1904
8,1904
8,1864
8,1904
8,1904
8,1096
8,1096
8,1096
8,1144
8,1144
8,1192
8,1144
8,1192
8,1144
8,968
8,1016
8,1016
8,1016
8,1016
8,1064
8,1016
8,1064
8,1016
8,1680
8,2184
8,2184
8,2184
8,2224
8,2224
8,2184
8,2224
8,2224
5,880
5,832
5,880
5,2432
5,2432
5,2432
5,1136
5,1136
5,1136
8,1904
8,1864
8,1904
8,1864
8,1160
8,1864
8,1904
8,1864
8,1904
8,1144
8,1144
8,1192
8,1096
8,1096
8,1096
8,1192
8,1144
8,1144
8,1016
8,1016
8,1064
8,1016
8,968
8,1016
8,1064
8,1016
8,1016
8,2224
8,2184
8,2224
8,2184
8,1680
8,2184
8,2224
8,2184
8,2224
5,880
5,880
5,832
5,880
5,880
5,880
5,880
5,880
5,880
8,880
8,880
8,880
8,880
8,880
8,880
8,880
8,880
8,880
8,880
8,880
8,880
8,880
8,880
8,880
8,880
8,880
8,880
8,880
8,880
8,880
8,880
8,880
8,880
8,880
8,880
8,880
8,880
8,880
8,880
8,880
8,880
8,880
8,880
8,880
8,880
5,2432
5,2432
5,1136
5,2296
5,3552
5,3552
5,3880
5,3880
5,3880
8,5392
8,5392
8,5392
8,5392
8,5392
8,5392
8,5392
8,5392
8,5392
8,2696
8,2704
8,2704
8,2704
8,2696
8,2704
8,2704
8,2704
8,2696
8,1272
8,2576
8,2576
8,2576
8,1272
8,2576
8,1320
8,1320
8,1272
8,5664
8,5664
8,5664
8,5664
8,5664
8,5664
8,5664
8,5664
8,5664
5,2432
5,2432
5,1136
5,3552
5,2296
5,3552
5,3880
5,3880
5,3880
8,5392
8,5392
8,5392
8,5392
8,5392
8,5392
8,5392
8,5392
8,5392
8,2696
8,2704
8,2704
8,2704
8,2696
8,2704
8,2704
8,2704
8,2696
8,1272
8,2576
8,2576
8,2576
8,1272
8,2576
8,1320
8,1320
8,1272
8,5664
8,5664
8,5664
8,5664
8,5664
8,5664
8,5664
8,5664
8,5664
5,2432
5,2432
5,1136
5,3552
5,3552
5,2296
5,3880
5,3880
5,3880
8,5392
8,5392
8,5392
8,5392
8,5392
8,5392
8,5392
8,5392
8,5392
8,2696
8,2704
8,2704
8,2704
8,2696
8,2704
8,2704
8,2704
8,2696
8,1272
8,2576
8,2576
8,2576
8,1272
8,2576
8,1320
8,1320
8,1272
8,5664
8,5664
8,5664
8,5664
8,5664
8,5664
8,5664
8,5664
8,5664
5,1136
5,1136
5,1136
5,3880
5,3880
5,3880
5,1078
5,1392
5,1392
8,3576
8,3576
8,3576
8,3576
8,3576
8,3576
8,3576
8,3576
8,3576
8,1400
8,1448
8,1448
8,1448
8,1400
8,1448
8,1448
8,1448
8,1400
8,1272
8,1320
8,1320
8,1320
8,1272
8,1320
8,1320
8,1320
8,1272
8,3896
8,3896
8,3896
8,3896
8,3896
8,3896
8,3896
8,3896
8,3896
5,1136
5,1136
5,1136
5,3880
5,3880
5,3880
5,1392
5,1000
5,1392
8,3576
8,3576
8,3576
8,3576
8,3576
8,3576
8,3576
8,3576
8,3576
8,1400
8,1448
8,1448
8,1448
8,1400
8,1448
8,1448
8,1448
8,1400
8,1272
8,1320
8,1320
8,1320
8,1272
8,1320
8,1320
8,1320
8,1272
8,3896
8,3896
8,3896
8,3896
8,3896
8,3896
8,3896
8,3896
8,3896
5,1136
5,1136
5,1136
5,3880
5,3880
5,3880
5,1392
5,1392
5,1000
8,3576
8,3576
8,3576
8,3576
8,3576
8,3576
8,3576
8,3576
8,3576
8,1400
8,1448
8,1448
8,1448
8,1400
8,1448
8,1448
8,1448
8,1400
8,1272
8,1320
8,1320
8,1320
8,1272
8,1320
8,1320
8,1320
8,1272
8,3896
8,3896
8,3896
8,3896
8,3896
8,3896
8,3896
8,3896
8,3896
8,1160
8,1904
8,880
8,5392
8,5392
8,5392
8,3576
8,3576
8,3576
11,1160
11,3800
11,3800
11,3800
11,3800
11,3800
11,3800
11,3800
11,3800
11,2528
11,3000
11,3000
11,3000
11,2592
11,3064
11,3000
11,3064
11,2592
11,1016
11,1296
11,1296
11,2744
11,1016
11,2808
11,1064
11,1064
11,1016
11,3808
11,3800
11,3808
11,3800
11,3808
11,3800
11,3808
11,3800
11,3808
8,1864
8,1864
8,880
8,5392
8,5392
8,5392
8,3576
8,3576
8,3576
11,3800
11,1160
11,3800
11,3800
11,3800
11,3800
11,3800
11,3800
11,3800
11,2560
11,3000
11,3032
11,3000
11,2560
11,3032
11,3032
11,3032
11,2592
11,1016
11,2736
11,2768
11,2736
11,1016
11,2768
11,1064
11,1064
11,1016
11,3808
11,3800
11,3808
11,3800
11,3808
11,3800
11,3808
11,3800
11,3808
8,1864
8,1904
8,880
8,5392
8,5392
8,5392
8,3576
8,3576
8,3576
11,3800
11,3800
11,1160
11,3800
11,3800
11,3800
11,3800
11,3800
11,3800
11,2560
11,3032
11,3000
11,3032
11,2592
11,3032
11,3000
11,3032
11,2560
11,1016
11,2768
11,2736
11,2776
11,1016
11,2776
11,1064
11,1064
11,1016
11,3808
11,3800
11,3808
11,3800
11,3808
11,3800
11,3808
11,3800
11,3808
8,1864
8,1864
8,880
8,5392
8,5392
8,5392
8,3576
8,3576
8,3576
11,3800
11,3800
11,3800
11,1160
11,3800
11,3800
11,3800
11,3800
11,3800
11,2560
11,3000
11,3032
11,3000
11,2560
11,3032
11,3032
11,3032
11,2592
11,1016
11,2736
11,2768
11,2736
11,1016
11,2768
11,1064
11,1064
11,1016
11,3808
11,3800
11,3800
11,3800
11,3808
11,3808
11,3800
11,3808
11,3808
8,1904
8,1160
8,880
8,5392
8,5392
8,5392
8,3576
8,3576
8,3576
11,3800
11,3800
11,3800
11,3800
11,1160
11,3800
11,3800
11,3800
11,3800
11,2592
11,3000
11,3064
11,3000
11,2528
11,3000
11,3064
11,3000
11,2592
11,1016
11,2744
11,2808
11,1296
11,1016
11,1296
11,1064
11,1064
11,1016
11,3808
11,3800
11,3800
11,3800
11,3808
11,3808
11,3800
11,3808
11,3808
8,1904
8,1864
8,880
8,5392
8,5392
8,5392
8,3576
8,3576
8,3576
11,3800
11,3800
11,3800
11,3800
11,3800
11,1160
11,3800
11,3800
11,3800
11,2592
11,3032
11,3032
11,3032
11,2560
11,3000
11,3032
11,3000
11,2560
11,1016
11,2776
11,2776
11,2768
11,1016
11,2736
11,1064
11,1064
11,1016
11,3808
11,3800
11,3800
11,3800
11,3808
11,3808
11,3800
11,3808
11,3808
8,1864
8,1904
8,880
8,5392
8,5392
8,5392
8,3576
8,3576
8,3576
11,3800
11,3800
11,3800
11,3800
11,3800
11,3800
11,1160
11,3800
11,3800
11,2560
11,3032
11,3000
11,3032
11,2592
11,3032
11,3000
11,3032
11,2560
11,1016
11,2768
11,2736
11,2776
11,1016
11,2776
11,1064
11,1064
11,1016
11,3808
11,3800
11,3800
11,3800
11,3808
11,3800
11,3800
11,3800
11,3808
8,1904
8,1864
8,880
8,5392
8,5392
8,5392
8,3576
8,3576
8,3576
11,3800
11,3800
11,3800
11,3800
11,3800
11,3800
11,3800
11,1160
11,3800
11,2592
11,3032
11,3032
11,3032
11,2560
11,3000
11,3032
11,3000
11,2560
11,1016
11,2776
11,2776
11,2768
11,1016
11,2736
11,1064
11,1064
11,1016
11,3808
11,3800
11,3800
11,3800
11,3808
11,3800
11,3800
11,3800
11,3808
8,1904
8,1904
8,880
8,5392
8,5392
8,5392
8,3576
8,3576
8,3576
11,3800
11,3800
11,3800
11,3800
11,3800
11,3800
11,3800
11,3800
11,1160
11,2592
11,3064
11,3000
11,3064
11,2592
11,3000
11,3000
11,3000
11,2528
11,1016
11,2808
11,2744
11,2808
11,1016
11,2744
11,1064
11,1064
11,1016
11,3808
11,3800
11,3800
11,3800
11,3808
11,3800
11,3800
11,3800
11,3808
8,1096
8,1144
8,1144
8,2560
8,2560
8,2560
8,1264
8,1264
8,1264
11,2528
11,2560
11,2560
11,2560
11,2592
11,2592
11,2560
11,2592
11,2592
11,1008
11,1272
11,1272
11,1272
11,1272
11,1320
11,1272
11,1320
11,1272
11,1144
11,1144
11,1144
11,1144
11,1144
11,1192
11,1144
11,1192
11,1144
11,1944
11,2872
11,2872
11,2904
11,2912
11,2912
11,2904
11,2912
11,2912
8,1096
8,1144
8,1192
8,2696
8,2696
8,2696
8,1400
8,1400
8,1400
11,3000
11,3000
11,3032
11,3000
11,3000
11,3032
11,3032
11,3032
11,3064
11,1352
11,1064
11,1408
11,1352
11,1352
11,1408
11,1408
11,1408
11,1408
11,1232
11,1232
11,1232
11,1232
11,1232
11,1232
11,1280
11,1280
11,1280
11,1952
11,1952
11,3296
11,1952
11,1952
11,3296
11,3328
11,3328
11,3336
8,1096
8,1192
8,1144
8,2696
8,2696
8,2696
8,1400
8,1400
8,1400
11,3000
11,3032
11,3000
11,3032
11,3064
11,3032
11,3000
11,3032
11,3000
11,1352
11,1408
11,1064
11,1408
11,1408
11,1408
11,1352
11,1408
11,1352
11,1232
11,1232
11,1232
11,1280
11,1280
11,1280
11,1232
11,1232
11,1232
11,1952
11,3296
11,1952
11,3328
11,3336
11,3328
11,1952
11,3296
11,1952
8,1144
8,1096
8,1192
8,2696
8,2696
8,2696
8,1400
8,1400
8,1400
11,3000
11,3000
11,3032
11,3000
11,3000
11,3032
11,3032
11,3032
11,3064
11,1352
11,1352
11,1408
11,1064
11,1352
11,1408
11,1408
11,1408
11,1408
11,1232
11,1232
11,1232
11,1232
11,1232
11,1232
11,1327
11,1280
11,1280
11,1952
11,1952
11,3296
11,1952
11,1952
11,3296
11,3328
11,3328
11,3336
8,1144
8,1096
8,1144
8,2560
8,2560
8,2560
8,1264
8,1264
8,1264
11,2592
11,2560
11,2592
11,2560
11,2528
11,2560
11,2592
11,2560
11,2592
11,1272
11,1272
11,1320
11,1272
11,1008
11,1272
11,1320
11,1272
11,1272
11,1144
11,1144
11,1192
11,1144
11,1144
11,1144
11,1192
11,1144
11,1144
11,2912
11,2904
11,2912
11,2872
11,1944
11,2872
11,2912
11,2904
11,2912
8,1192
8,1096
8,1144
8,2696
8,2696
8,2696
8,1400
8,1400
8,1400
11,3064
11,3032
11,3032
11,3032
11,3000
11,3000
11,3032
11,3000
11,3000
11,1408
11,1408
11,1408
11,1408
11,1352
11,1064
11,1408
11,1352
11,1352
11,1280
11,1280
11,1280
11,1232
11,1232
11,1232
11,1232
11,1232
11,1232
11,3336
11,3328
11,3328
11,3296
11,1952
11,1952
11,3296
11,1952
11,1952
8,1144
8,1192
8,1096
8,2696
8,2696
8,2696
8,1400
8,1400
8,1400
11,3000
11,3032
11,3000
11,3032
11,3064
11,3032
11,3000
11,3032
11,3000
11,1352
11,1408
11,1352
11,1408
11,1408
11,1408
11,1064
11,1408
11,1352
11,1232
11,1232
11,1232
11,1280
11,1280
11,1280
11,1232
11,1232
11,1232
11,1952
11,3296
11,1952
11,3328
11,3336
11,3328
11,1952
11,3296
11,1952
8,1192
8,1144
8,1096
8,2696
8,2696
8,2696
8,1400
8,1400
8,1400
11,3064
11,3032
11,3032
11,3032
11,3000
11,3000
11,3032
11,3000
11,3000
11,1408
11,1408
11,1408
11,1408
11,1352
11,1352
11,1408
11,1064
11,1352
11,1280
11,1280
11,1280
11,1232
11,1232
11,1232
11,1232
11,1232
11,1232
11,3336
11,3328
11,3328
11,3296
11,1952
11,1952
11,3296
11,1952
11,1952
8,1144
8,1144
8,1096
8,2560
8,2560
8,2560
8,1264
8,1264
8,1264
11,2592
11,2592
11,2560
11,2592
11,2592
11,2560
11,2560
11,2560
11,2528
11,1272
11,1320
11,1272
11,1320
11,1272
11,1272
11,1272
11,1272
11,1008
11,1144
11,1192
11,1144
11,1192
11,1144
11,1144
11,1144
11,1144
11,1144
11,2912
11,2912
11,2904
11,2912
11,2912
11,2904
11,2872
11,2872
11,1944
8,1016
8,1016
8,1016
8,1016
8,1016
8,1016
8,1016
8,1016
8,1016
11,1016
11,1016
11,1016
11,1016
11,1016
11,1016
11,1016
11,1016
11,1016
11,1016
11,1016
11,1016
11,1016
11,1016
11,1016
11,1016
11,1016
11,1016
11,888
11,1016
11,1016
11,1016
11,1016
11,1016
11,1016
11,1016
11,1016
11,1016
11,1016
11,1016
11,1016
11,1016
11,1016
11,1016
11,1016
11,1016
8,1064
8,1016
8,1064
8,2568
8,2568
8,2568
8,1272
8,1272
8,1272
11,1296
11,2736
11,2768
11,2736
11,2744
11,2776
11,2768
11,2776
11,2808
11,1232
11,1232
11,1232
11,1232
11,1224
11,1280
11,1280
11,1280
11,1280
11,1104
11,936
11,1152
11,1104
11,1104
11,1104
11,1152
11,1152
11,1152
11,1824
11,3008
11,3040
11,3008
11,1824
11,3040
11,3040
11,3072
11,3080
8,1064
8,1064
8,1016
8,2568
8,2568
8,2568
8,1272
8,1272
8,1272
11,1296
11,2768
11,2736
11,2768
11,2808
11,2776
11,2736
11,2776
11,2744
11,1232
11,1232
11,1232
11,1280
11,1280
11,1280
11,1232
11,1280
11,1224
11,1104
11,1152
11,936
11,1152
11,1152
11,1152
11,1104
11,1104
11,1104
11,1824
11,3040
11,3008
11,3040
11,3080
11,3072
11,3008
11,3040
11,1824
8,1016
8,1064
8,1064
8,2568
8,2568
8,2568
8,1272
8,1272
8,1272
11,2744
11,2736
11,2776
11,2736
11,1296
11,2768
11,2776
11,2768
11,2808
11,1224
11,1232
11,1280
11,1232
11,1232
11,1232
11,1280
11,1280
11,1280
11,1104
11,1104
11,1104
11,936
11,1104
11,1152
11,1152
11,1152
11,1152
11,1824
11,3008
11,3040
11,3008
11,1824
11,3040
11,3072
11,3040
11,3080
8,1016
8,1016
8,1016
8,1016
8,1016
8,1016
8,1016
8,1016
8,1016
11,1016
11,1016
11,1016
11,1016
11,1016
11,1016
11,1016
11,1016
11,1016
11,1016
11,1016
11,1016
11,1016
11,1016
11,1016
11,1016
11,1016
11,1016
11,1016
11,1016
11,1016
11,1016
11,888
11,1016
11,1016
11,1016
11,1016
11,1016
11,1016
11,1016
11,1016
11,1016
11,1016
11,1016
11,1016
11,1016
8,1064
8,1064
8,1016
8,2568
8,2568
8,2568
8,1272
8,1272
8,1272
11,2808
11,2768
11,2776
11,2768
11,1296
11,2736
11,2776
11,2736
11,2744
11,1280
11,1280
11,1280
11,1232
11,1232
11,1232
11,1280
11,1232
11,1224
11,1152
11,1152
11,1152
11,1152
11,1104
11,936
11,1104
11,1104
11,1104
11,3080
11,3040
11,3072
11,3040
11,1824
11,3008
11,3040
11,3008
11,1824
8,1016
8,1064
8,1064
8,1064
8,1064
8,1064
8,1064
8,1064
8,1064
11,1064
11,1064
11,1064
11,1064
11,1064
11,1064
11,1064
11,1064
11,1064
11,1064
11,1064
11,1064
11,1064
11,1064
11,1064
11,1064
11,1064
11,1064
11,1064
11,1064
11,1064
11,1064
11,1064
11,1064
11,936
11,1064
11,1064
11,1064
11,1064
11,1064
11,1064
11,1064
11,1064
11,1064
11,1064
11,1064
8,1064
8,1016
8,1064
8,1064
8,1064
8,1064
8,1064
8,1064
8,1064
11,1064
11,1064
11,1064
11,1064
11,1064
11,1064
11,1064
11,1064
11,1064
11,1064
11,1064
11,1064
11,1064
11,1064
11,1064
11,1064
11,1064
11,1064
11,1064
11,1064
11,1064
11,1064
11,1064
11,1064
11,1064
11,936
11,1064
11,1064
11,1064
11,1064
11,1064
11,1064
11,1064
11,1064
11,1064
11,1064
8,1016
8,1016
8,1016
8,1016
8,1016
8,1016
8,1016
8,1016
8,1016
11,1016
11,1016
11,1016
11,1016
11,1016
11,1016
11,1016
11,1016
11,1016
11,1016
11,1016
11,1016
11,1016
11,1016
11,1016
11,1016
11,1016
11,1016
11,1016
11,1016
11,1016
11,1016
11,1016
11,1016
11,1016
11,1016
11,888
11,1016
11,1016
11,1016
11,1016
11,1016
11,1016
11,1016
11,1016
11,1016
8,1680
8,2224
8,880
8,5664
8,5664
8,5664
8,3896
8,3896
8,3896
11,4120
11,4120
11,4120
11,4120
11,4290
11,4120
11,4120
11,4120
11,4120
11,1944
11,1952
11,1952
11,1952
11,2912
11,3336
11,1952
11,3336
11,2912
11,1016
11,1824
11,1824
11,1824
11,1016
11,3080
11,1064
11,1064
11,1016
11,1680
11,4144
11,4144
11,4144
11,4144
11,4144
11,4144
11,4144
11,4144
8,2184
8,2184
8,880
8,5664
8,5664
8,5664
8,3896
8,3896
8,3896
11,4120
11,4120
11,4120
11,4120
11,4120
11,4120
11,4120
11,4120
11,4120
11,2872
11,1952
11,3296
11,1952
11,2904
11,3328
11,3296
11,3328
11,2912
11,1016
11,3008
11,3040
11,3008
11,1016
11,3040
11,1064
11,1064
11,1016
11,4120
11,1680
11,4120
11,4120
11,4120
11,4120
11,4120
11,4136
11,4144
8,2184
8,2224
8,880
8,5664
8,5664
8,5664
8,3896
8,3896
8,3896
11,4120
11,4120
11,4120
11,4120
11,4120
11,4120
11,4120
11,4120
11,4120
11,2872
11,3296
11,1952
11,3296
11,2912
11,3328
11,1952
11,3328
11,2904
11,1016
11,3040
11,3008
11,3040
11,1016
11,3072
11,1064
11,1064
11,1016
11,4120
11,4120
11,1680
11,4120
11,4144
11,4136
11,4120
11,4120
11,4120
8,2184
8,2184
8,880
8,5664
8,5664
8,5664
8,3896
8,3896
8,3896
11,4120
11,4120
11,4120
11,4120
11,4120
11,4120
11,4120
11,4120
11,4120
11,2904
11,1952
11,3328
11,1952
11,2872
11,3296
11,3328
11,3296
11,2912
11,1016
11,3008
11,3040
11,3008
11,1016
11,3040
11,1064
11,1064
11,1016
11,4120
11,4120
11,4120
11,1680
11,4120
11,4120
11,4136
11,4120
11,4144
8,2224
8,1680
8,880
8,5664
8,5664
8,5664
8,3896
8,3896
8,3896
11,4120
11,4120
11,4120
11,4120
11,4120
11,4120
11,4120
11,4120
11,4120
11,2912
11,1952
11,3336
11,1952
11,1944
11,1952
11,3336
11,1952
11,2912
11,1016
11,1824
11,3080
11,1824
11,1016
11,1824
11,1064
11,1064
11,1016
11,4144
11,4144
11,4144
11,4144
11,1680
11,4144
11,4144
11,4144
11,4144
8,2224
8,2184
8,880
8,5664
8,5664
8,5664
8,3896
8,3896
8,3896
11,4120
11,4120
11,4120
11,4120
11,4120
11,4120
11,4120
11,4120
11,4120
11,2912
11,3296
11,3328
11,3296
11,2872
11,1952
11,3328
11,1952
11,2904
11,1016
11,3040
11,3072
11,3040
11,1016
11,3008
11,1064
11,1064
11,1016
11,4144
11,4120
11,4136
11,4120
11,4120
11,1680
11,4120
11,4120
11,4120
8,2184
8,2224
8,880
8,5664
8,5664
8,5664
8,3896
8,3896
8,3896
11,4120
11,4120
11,4120
11,4120
11,4120
11,4120
11,4120
11,4120
11,4120
11,2904
11,3328
11,1952
11,3328
11,2912
11,3296
11,1952
11,3296
11,2872
11,1016
11,3040
11,3008
11,3072
11,1016
11,3040
11,1064
11,1064
11,1016
11,4120
11,4120
11,4120
11,4120
11,4120
11,4120
11,1680
11,4120
11,4120
8,2224
8,2184
8,880
8,5664
8,5664
8,5664
8,3896
8,3896
8,3896
11,4120
11,4120
11,4120
11,4120
11,4120
11,4120
11,4120
11,4120
11,4120
11,2912
11,3328
11,3296
11,3328
11,2904
11,1952
11,3296
11,1952
11,2872
11,1016
11,3072
11,3040
11,3040
11,1016
11,3008
11,1064
11,1064
11,1016
11,4120
11,4120
11,4120
11,4120
11,4120
11,4120
11,4120
11,1680
11,4120
8,2224
8,2224
8,880
8,5664
8,5664
8,5717
8,3896
8,3896
8,3896
11,4120
11,4120
11,4120
11,4120
11,4120
11,4120
11,4120
11,4120
11,4120
11,2912
11,3336
11,1952
11,3336
11,2912
11,1952
11,1952
11,1952
11,1944
11,1016
11,3080
11,1824
11,3080
11,1016
11,1824
11,1064
11,1064
11,1016
11,4120
11,4120
11,4120
11,4120
11,4120
11,4120
11,4120
11,4120
11,1680
5,728
5,752
5,752
5,2304
5,2304
5,2304
5,1008
5,1008
5,1008
8,2272
8,2304
8,2304
8,2304
8,2336
8,2336
8,2304
8,2336
8,2336
8,960
8,1016
8,1016
8,1016
8,1016
8,1064
8,1016
8,1064
8,1016
8,840
8,840
8,840
8,888
8,888
8,936
8,888
8,936
8,888
8,1560
8,2616
8,2616
8,2648
8,2656
8,2656
8,2648
8,2656
8,2656
5,752
5,728
5,752
5,2304
5,2304
5,2304
5,1008
5,1008
5,1008
8,2336
8,2304
8,2336
8,2304
8,2272
8,2304
8,2336
8,2304
8,2336
8,1016
8,1016
8,1064
8,1016
8,960
8,1016
8,1064
8,1016
8,1016
8,888
8,888
8,936
8,840
8,840
8,840
8,936
8,888
8,888
8,2656
8,2648
8,2656
8,2616
8,1560
8,2616
8,2656
8,2648
8,2656
5,752
5,752
5,728
5,2351
5,2304
5,2304
5,1008
5,1008
5,1008
8,2336
8,2336
8,2304
8,2336
8,2336
8,2304
8,2304
8,2304
8,2272
8,1016
8,1064
8,1016
8,1064
8,1016
8,1016
8,1016
8,1016
8,960
8,888
8,936
8,888
8,936
8,888
8,888
8,840
8,840
8,840
8,2656
8,2656
8,2648
8,2656
8,2656
8,2648
8,2616
8,2616
8,1560
5,752
5,752
5,752
5,728
5,2776
5,2304
5,1008
5,1008
5,1008
8,2952
8,2952
8,2952
8,2952
8,2952
8,2952
8,2952
8,2952
8,2952
8,1016
8,1064
8,1064
8,1064
8,1016
8,1064
8,1064
8,1064
8,1016
8,888
8,936
8,936
8,936
8,888
8,936
8,936
8,936
8,888
8,3272
8,3272
8,3272
8,3272
8,3272
8,3272
8,3272
8,3272
8,3272
5,752
5,752
5,752
5,2776
5,728
5,2304
5,1008
5,1008
5,1119
8,2952
8,2952
8,2952
8,2952
8,2952
8,2952
8,2952
8,2952
8,2952
8,1016
8,1064
8,1064
8,1064
8,1016
8,1064
8,1064
8,1064
8,1016
8,888
8,936
8,936
8,936
8,888
8,936
8,936
8,936
8,888
8,3272
8,3272
8,3272
8,3272
8,3272
8,3272
8,3272
8,3272
8,3272
5,752
5,752
5,752
5,2776
5,2304
5,728
5,1008
5,1008
5,1008
8,2952
8,2952
8,2952
8,2952
8,2952
8,2952
8,2952
8,2952
8,2952
8,1016
8,1064
8,1064
8,1064
8,1016
8,1064
8,1064
8,1064
8,1016
8,888
8,936
8,936
8,936
8,888
8,936
8,936
8,936
8,888
8,3272
8,3272
8,3272
8,3272
8,3272
8,3272
8,3272
8,3272
8,3272
5,1560
5,1560
5,752
5,3008
5,3008
5,3008
5,728
5,3336
5,3336
8,4160
8,4160
8,4160
8,4160
8,4160
8,4160
8,4160
8,4160
8,4160
8,1752
8,1824
8,1824
8,1824
8,1752
8,1824
8,1824
8,1824
8,1752
8,888
8,1696
8,1696
8,1696
8,888
8,1696
8,936
8,936
8,888
8,4432
8,4432
8,4432
8,4432
8,4432
8,4432
8,4432
8,4432
8,4432
5,1560
5,1560
5,752
5,3008
5,3008
5,3008
5,3336
5,728
5,3336
8,4160
8,4160
8,4160
8,4160
8,4160
8,4160
8,4160
8,4160
8,4160
8,1752
8,1824
8,1824
8,1824
8,1752
8,1824
8,1824
8,1824
8,1752
8,888
8,1696
8,1696
8,1696
8,888
8,1696
8,936
8,936
8,888
8,4432
8,4432
8,4432
8,4432
8,4432
8,4432
8,4432
8,4432
8,4432
5,1488
5,1488
5,752
5,1744
5,1744
5,1744
5,1736
5,1736
5,728
8,1496
8,1496
8,1496
8,1496
8,1496
8,1496
8,1496
8,1496
8,1496
8,1752
8,1760
8,1760
8,1760
8,1752
8,1760
8,1760
8,1760
8,1752
8,888
8,1632
8,1632
8,1632
8,888
8,1632
8,936
8,936
8,888
8,1496
8,1496
8,1496
8,1496
8,1496
8,1496
8,1496
8,1496
8,1496
8,760
8,760
8,760
8,2304
8,2304
8,2304
8,1008
8,1008
8,1008
11,728
11,1736
11,1736
11,1736
11,1776
11,1776
11,1736
11,1776
11,1776
11,968
11,968
11,968
11,1016
11,1016
11,1064
11,1016
11,1064
11,1016
11,840
11,888
11,888
11,888
11,888
11,936
11,888
11,936
11,888
11,1560
11,2056
11,2056
11,2056
11,2096
11,2096
11,2056
11,2096
11,2096
8,808
8,808
8,808
8,2312
8,2312
8,2312
8,1016
8,1016
8,1016
11,1040
11,728
11,1952
11,1040
11,1040
11,1952
11,1952
11,1952
11,1992
11,976
11,976
11,976
11,976
11,976
11,976
11,1024
11,1024
11,1024
11,848
11,848
11,896
11,848
11,848
11,896
11,896
11,896
11,896
11,1568
11,1568
11,2224
11,1568
11,1568
11,2224
11,2224
11,2224
11,2264
8,808
8,808
8,808
8,808
8,808
8,808
8,808
8,808
8,808
11,808
11,808
11,728
11,808
11,808
11,808
11,808
11,808
11,808
11,808
11,808
11,808
11,808
11,808
11,808
11,808
11,808
11,808
11,808
11,808
11,808
11,808
11,808
11,808
11,808
11,808
11,808
11,808
11,808
11,808
11,808
11,808
11,808
11,808
11,808
11,808
8,808
8,808
8,808
8,2312
8,2312
8,2312
8,1016
8,1016
8,1016
11,1040
11,1040
11,1952
11,728
11,1040
11,1952
11,1952
11,1952
11,1992
11,976
11,976
11,976
11,976
11,976
11,976
11,1024
11,1024
11,1024
11,848
11,848
11,896
11,848
11,848
11,896
11,896
11,896
11,896
11,1568
11,1568
11,2224
11,1568
11,1568
11,2224
11,2224
11,2224
11,2264
8,760
8,760
8,760
8,2304
8,2304
8,2304
8,1008
8,1008
8,1008
11,1776
11,1736
11,1776
11,1736
11,728
11,1736
11,1776
11,1736
11,1776
11,1016
11,1016
11,1064
11,968
11,968
11,968
11,1064
11,1016
11,1016
11,888
11,888
11,936
11,888
11,840
11,888
11,936
11,888
11,888
11,2096
11,2056
11,2096
11,2056
11,1560
11,2056
11,2096
11,2056
11,2096
8,808
8,808
8,808
8,808
8,808
8,808
8,808
8,808
8,808
11,808
11,808
11,808
11,808
11,808
11,728
11,808
11,808
11,808
11,808
11,808
11,808
11,808
11,808
11,808
11,808
11,808
11,808
11,808
11,808
11,808
11,808
11,808
11,808
11,808
11,808
11,808
11,808
11,808
11,808
11,808
11,808
11,808
11,808
11,808
11,808
8,808
8,808
8,808
8,808
8,808
8,808
8,808
8,808
8,808
11,808
11,808
11,808
11,808
11,808
11,808
11,728
11,808
11,808
11,808
11,808
11,808
11,808
11,808
11,808
11,808
11,808
11,808
11,808
11,808
11,808
11,808
11,808
11,808
11,808
11,808
11,808
11,808
11,808
11,808
11,808
11,808
11,808
11,808
11,808
11,808
8,808
8,808
8,808
8,808
8,808
8,808
8,808
8,808
8,808
11,808
11,808
11,808
11,808
11,808
11,808
11,808
11,728
11,808
11,808
11,808
11,808
11,808
11,808
11,808
11,808
11,808
11,808
11,808
11,808
11,808
11,808
11,808
11,808
11,808
11,808
11,808
11,808
11,808
11,808
11,808
11,808
11,808
11,808
11,808
11,808
8,760
8,760
8,760
8,760
8,760
8,760
8,760
8,760
8,760
11,760
11,760
11,760
11,760
11,760
11,760
11,760
11,760
11,728
11,760
11,760
11,760
11,760
11,760
11,760
11,760
11,760
11,760
11,760
11,760
11,760
11,760
11,760
11,760
11,760
11,760
11,760
11,760
11,760
11,760
11,760
11,760
11,760
11,760
11,760
11,760
8,1456
8,1520
8,752
8,5008
8,5008
8,5008
8,3192
8,3192
8,3192
11,3424
11,3416
11,3416
11,3416
11,3416
11,3416
11,3416
11,3416
11,3416
11,728
11,1064
11,1064
11,1064
11,2208
11,2680
11,1064
11,2680
11,2208
11,888
11,2360
11,2360
11,936
11,888
11,2424
11,936
11,936
11,888
11,3424
11,3416
11,3416
11,3416
11,3424
11,3416
11,3416
11,3416
11,3424
8,1488
8,1488
8,752
8,5008
8,5008
8,5008
8,3192
8,3192
8,3192
11,3424
11,3416
11,3416
11,3416
11,3416
11,3416
11,3416
11,3416
11,3416
11,2168
11,728
11,2640
11,1064
11,2168
11,2640
11,2640
11,2640
11,2208
11,888
11,2352
11,2392
11,2352
11,888
11,2392
11,936
11,936
11,888
11,3424
11,3416
11,3416
11,3416
11,3424
11,3416
11,3416
11,3416
11,3424
8,1488
8,1520
8,752
8,5008
8,5008
8,5008
8,3192
8,3192
8,3192
11,3424
11,3416
11,3416
11,3416
11,3416
11,3416
11,3416
11,3416
11,3416
11,2168
11,2640
11,728
11,2640
11,2208
11,2640
11,1064
11,2640
11,2168
11,888
11,2392
11,2352
11,2384
11,888
11,2384
11,936
11,936
11,888
11,3424
11,3416
11,3416
11,3416
11,3424
11,3416
11,3416
11,3416
11,3424
8,1488
8,1488
8,752
8,5008
8,5008
8,5008
8,3192
8,3192
8,3192
11,3416
11,3416
11,3416
11,3416
11,3424
11,3416
11,3416
11,3416
11,3416
11,2168
11,1064
11,2640
11,728
11,2168
11,2640
11,2640
11,2640
11,2208
11,888
11,2352
11,2392
11,2352
11,888
11,2392
11,936
11,936
11,888
11,3424
11,3416
11,3416
11,3416
11,3424
11,3416
11,3416
11,3416
11,3424
8,1520
8,1456
8,752
8,5008
8,5008
8,5008
8,3192
8,3192
8,3192
11,3416
11,3416
11,3416
11,3416
11,3424
11,3416
11,3416
11,3416
11,3416
11,2208
11,1064
11,2680
11,1064
11,728
11,1064
11,2680
11,1064
11,2208
11,888
11,936
11,2424
11,2360
11,888
11,2360
11,936
11,936
11,888
11,3424
11,3416
11,3416
11,3416
11,3424
11,3416
11,3416
11,3416
11,3424
8,1520
8,1488
8,752
8,5008
8,5008
8,5008
8,3192
8,3192
8,3192
11,3416
11,3416
11,3416
11,3416
11,3424
11,3416
11,3416
11,3416
11,3416
11,2208
11,2640
11,2640
11,2640
11,2168
11,728
11,2640
11,1064
11,2168
11,888
11,2384
11,2384
11,2392
11,888
11,2352
11,936
11,936
11,888
11,3424
11,3416
11,3416
11,3416
11,3424
11,3416
11,3416
11,3416
11,3424
8,1496
8,1528
8,752
8,5008
8,5008
8,5008
8,3200
8,3200
8,3200
11,3424
11,3424
11,3424
11,3424
11,3424
11,3424
11,3424
11,3424
11,3424
11,2168
11,2640
11,1064
11,2640
11,2216
11,2640
11,728
11,2640
11,2168
11,888
11,2392
11,2352
11,2384
11,888
11,2384
11,936
11,936
11,888
11,3424
11,3424
11,3424
11,3424
11,3424
11,3424
11,3424
11,3424
11,3424
8,1528
8,1496
8,752
8,5008
8,5008
8,5008
8,3200
8,3200
8,3200
11,3424
11,3424
11,3424
11,3424
11,3424
11,3424
11,3424
11,3424
11,3424
11,2216
11,2640
11,2640
11,2640
11,2168
11,1064
11,2640
11,728
11,2168
11,888
11,2384
11,2384
11,2392
11,888
11,2352
11,936
11,936
11,888
11,3424
11,3424
11,3424
11,3424
11,3424
11,3424
11,3424
11,3424
11,3424
8,1528
8,1528
8,752
8,5008
8,5008
8,5008
8,3200
8,3200
8,3200
11,3424
11,3424
11,3424
11,3424
11,3424
11,3424
11,3424
11,3424
11,3424
11,2216
11,2680
11,1064
11,2680
11,2216
11,1064
11,1064
11,1064
11,728
11,888
11,2424
11,936
11,2424
11,888
11,936
11,936
11,936
11,888
11,3424
11,3424
11,3424
11,3424
11,3424
11,3424
11,3424
11,3424
11,3424
8,1576
8,1648
8,752
8,5136
8,5136
8,5136
8,3320
8,3320
8,3320
11,3544
11,3544
11,3544
11,3544
11,3544
11,3544
11,3544
11,3544
11,3544
11,2264
11,2736
11,2736
11,2736
11,2336
11,2808
11,2736
11,2808
11,2336
11,728
11,2480
11,2480
11,2480
11,888
11,2552
11,936
11,936
11,888
11,3552
11,3544
11,3552
11,3544
11,3552
11,3544
11,3552
11,3544
11,3552
8,1608
8,1616
8,752
8,5136
8,5136
8,5136
8,3320
8,3320
8,3320
11,3544
11,3544
11,3544
11,3544
11,3544
11,3544
11,3544
11,3544
11,3544
11,2304
11,2736
11,2776
11,2736
11,2296
11,2768
11,2776
11,2768
11,2336
11,888
11,728
11,2512
11,2488
11,888
11,2520
11,936
11,936
11,888
11,3552
11,3544
11,3552
11,3544
11,3552
11,3544
11,3552
11,3544
11,3552
8,1608
8,1648
8,752
8,5136
8,5136
8,5136
8,3320
8,3320
8,3320
11,3544
11,3544
11,3544
11,3544
11,3544
11,3544
11,3544
11,3544
11,3544
11,2304
11,2776
11,2736
11,2776
11,2336
11,2768
11,2736
11,2768
11,2296
11,888
11,2512
11,728
11,2520
11,888
11,2512
11,936
11,936
11,888
11,3552
11,3544
11,3552
11,3544
11,3552
11,3544
11,3552
11,3544
11,3552
8,1616
8,1608
8,752
8,5136
8,5136
8,5136
8,3320
8,3320
8,3320
11,3544
11,3544
11,3544
11,3544
11,3544
11,3544
11,3544
11,3544
11,3544
11,2296
11,2736
11,2768
11,2736
11,2304
11,2776
11,2768
11,2776
11,2336
11,888
11,2488
11,2520
11,728
11,888
11,2512
11,936
11,936
11,888
11,3552
11,3544
11,3544
11,3544
11,3552
11,3552
11,3544
11,3552
11,3552
8,1648
8,1576
8,752
8,5136
8,5136
8,5136
8,3320
8,3320
8,3320
11,3544
11,3544
11,3544
11,3544
11,3544
11,3544
11,3544
11,3544
11,3544
11,2336
11,2736
11,2808
11,2736
11,2264
11,2736
11,2808
11,2736
11,2336
11,888
11,2480
11,2552
11,2480
11,728
11,2480
11,936
11,936
11,888
11,3552
11,3544
11,3544
11,3544
11,3552
11,3552
11,3544
11,3552
11,3552
8,1648
8,1608
8,752
8,5136
8,5136
8,5136
8,3320
8,3320
8,3320
11,3544
11,3544
11,3544
11,3544
11,3544
11,3544
11,3544
11,3544
11,3544
11,2336
11,2776
11,2768
11,2776
11,2304
11,2736
11,2768
11,2736
11,2296
11,888
11,2520
11,2512
11,2512
11,888
11,728
11,936
11,936
11,888
11,3552
11,3544
11,3544
11,3544
11,3552
11,3552
11,3544
11,3552
11,3552
8,1616
8,1648
8,752
8,5136
8,5136
8,5136
8,3320
8,3320
8,3320
11,3544
11,3544
11,3544
11,3544
11,3544
11,3544
11,3544
11,3544
11,3544
11,2296
11,2768
11,2736
11,2768
11,2336
11,2776
11,2736
11,2776
11,2304
11,888
11,2520
11,2488
11,2512
11,888
11,2520
11,728
11,936
11,888
11,3552
11,3544
11,3544
11,3544
11,3552
11,3544
11,3544
11,3544
11,3552
8,1648
8,1616
8,752
8,5136
8,5136
8,5136
8,3320
8,3320
8,3320
11,3544
11,3544
11,3544
11,3544
11,3544
11,3544
11,3544
11,3544
11,3544
11,2336
11,2768
11,2776
11,2768
11,2296
11,2736
11,2776
11,2736
11,2304
11,888
11,2512
11,2520
11,2520
11,888
11,2488
11,936
11,728
11,888
11,3552
11,3544
11,3544
11,3544
11,3552
11,3544
11,3544
11,3544
11,3552
8,1648
8,1648
8,752
8,5136
8,5136
8,5136
8,3320
8,3320
8,3320
11,3544
11,3544
11,3544
11,3544
11,3544
11,3544
11,3544
11,3544
11,3544
11,2336
11,2808
11,2736
11,2808
11,2336
11,2736
11,2736
11,2736
11,2264
11,888
11,2552
11,2480
11,2552
11,888
11,2480
11,936
11,936
11,728
11,3552
11,3544
11,3544
11,3544
11,3552
11,3544
11,3544
11,3544
11,3552
8,2024
8,2096
8,752
8,5536
8,5536
8,5536
8,3768
8,3768
8,3768
11,3992
11,3992
11,3992
11,3992
11,3992
11,3992
11,3992
11,3992
11,3992
11,2712
11,3136
11,3136
11,3136
11,2784
11,3208
11,3136
11,3208
11,2784
11,888
11,2880
11,2880
11,2880
11,888
11,2952
11,936
11,936
11,888
11,728
11,3992
11,3992
11,3992
11,3992
11,3992
11,3992
11,3992
11,3992
8,2056
8,2088
8,752
8,5536
8,5536
8,5536
8,3768
8,3768
8,3768
11,3992
11,3992
11,3992
11,3992
11,3992
11,3992
11,3992
11,3992
11,3992
11,2744
11,3136
11,3168
11,3136
11,2744
11,3168
11,3168
11,3168
11,2784
11,888
11,1696
11,2912
11,1696
11,888
11,2944
11,936
11,936
11,888
11,3992
11,728
11,3992
11,3992
11,3992
11,3992
11,3992
11,3992
11,3992
8,2056
8,2096
8,752
8,5536
8,5536
8,5536
8,3768
8,3768
8,3768
11,3992
11,3992
11,3992
11,3992
11,3992
11,3992
11,3992
11,3992
11,3992
11,2744
11,3168
11,3136
11,3168
11,2784
11,3168
11,3136
11,3168
11,2744
11,888
11,2912
11,1696
11,2912
11,888
11,2912
11,936
11,936
11,888
11,3992
11,3992
11,728
11,3992
11,3992
11,3992
11,3992
11,3992
11,3992
8,2088
8,2056
8,752
8,5536
8,5536
8,5536
8,3768
8,3768
8,3768
11,3992
11,3992
11,3992
11,3992
11,3992
11,3992
11,3992
11,3992
11,3992
11,2744
11,3136
11,3168
11,3136
11,2744
11,3168
11,3168
11,3168
11,2784
11,888
11,1696
11,2944
11,1696
11,888
11,2912
11,936
11,936
11,888
11,3992
11,3992
11,3992
11,728
11,3992
11,3992
11,3992
11,3992
11,3992
8,2096
8,2024
8,752
8,5536
8,5536
8,5536
8,3768
8,3768
8,3768
11,3992
11,3992
11,3992
11,3992
11,3992
11,3992
11,3992
11,3992
11,3992
11,2784
11,3136
11,3208
11,3136
11,2712
11,3136
11,3208
11,3136
11,2784
11,888
11,2880
11,2952
11,2880
11,888
11,2880
11,936
11,936
11,888
11,3992
11,3992
11,3992
11,3992
11,728
11,3992
11,3992
11,3992
11,3992
8,2096
8,2056
8,752
8,5536
8,5536
8,5536
8,3768
8,3768
8,3768
11,3992
11,3992
11,3992
11,3992
11,3992
11,3992
11,3992
11,3992
11,3992
11,2784
11,3168
11,3168
11,3168
11,2744
11,3136
11,3168
11,3136
11,2744
11,888
11,2912
11,2912
11,2912
11,888
11,1696
11,936
11,936
11,888
11,3992
11,3992
11,3992
11,3992
11,3992
11,728
11,3992
11,3992
11,3992
8,2088
8,2096
8,752
8,5536
8,5536
8,5536
8,3768
8,3768
8,3768
11,3992
11,3992
11,3992
11,3992
11,3992
11,3992
11,3992
11,3992
11,3992
11,2744
11,3168
11,3136
11,3168
11,2784
11,3168
11,3136
11,3168
11,2744
11,888
11,2944
11,1696
11,2912
11,888
11,2912
11,936
11,936
11,888
11,3992
11,3992
11,3992
11,3992
11,3992
11,3992
11,728
11,3992
11,3992
8,2096
8,2088
8,752
8,5536
8,5536
8,5536
8,3768
8,3768
8,3768
11,3992
11,3992
11,3992
11,3992
11,3992
11,3992
11,3992
11,3992
11,3992
11,2784
11,3168
11,3168
11,3168
11,2744
11,3136
11,3168
11,3136
11,2744
11,888
11,2912
11,2912
11,2944
11,888
11,1696
11,936
11,936
11,888
11,3992
11,3992
11,3992
11,3992
11,3992
11,3992
11,3992
11,728
11,3992
8,2096
8,2096
8,752
8,5536
8,5536
8,5536
8,3768
8,3768
8,3768
11,3992
11,3992
11,3992
11,3992
11,3992
11,3992
11,3992
11,3992
11,3992
11,2784
11,3208
11,3136
11,3208
11,2784
11,3136
11,3136
11,3136
11,2712
11,888
11,2952
11,2880
11,2952
11,888
11,2880
11,936
11,936
11,888
11,3992
11,3992
11,3992
11,3992
11,3992
11,3992
11,3992
11,3992
11,728
5,2064
5,2064
5,2064
5,3152
5,3152
5,3152
5,2064
5,2064
5,2064
8,3248
8,3280
8,3280
8,3280
8,3312
8,3312
8,3280
8,3312
8,3312
8,2840
8,2840
8,2840
8,2840
8,2840
8,2840
8,2840
8,2840
8,2840
8,2840
8,2840
8,2840
8,2840
8,2840
8,2840
8,2840
8,2840
8,2840
8,2936
8,3544
8,3544
8,3576
8,3584
8,3584
8,3576
8,3584
8,3584
5,2064
5,2064
5,2064
5,3152
5,3152
5,3152
5,2064
5,2064
5,2064
8,3312
8,3280
8,3312
8,3280
8,3248
8,3280
8,3312
8,3280
8,3312
8,2840
8,2840
8,2840
8,2840
8,2840
8,2840
8,2840
8,2840
8,2840
8,2840
8,2840
8,2840
8,2840
8,2840
8,2840
8,2840
8,2840
8,2840
8,3584
8,3576
8,3584
8,3544
8,2936
8,3544
8,3584
8,3576
8,3584
5,2064
5,2064
5,2064
5,3152
5,3152
5,3152
5,2064
5,2064
5,2064
8,3312
8,3312
8,3280
8,3312
8,3312
8,3280
8,3280
8,3280
8,3248
8,2840
8,2840
8,2840
8,2840
8,2840
8,2840
8,2840
8,2840
8,2840
8,2840
8,2840
8,2840
8,2840
8,2840
8,2840
8,2840
8,2840
8,2840
8,3584
8,3584
8,3576
8,3584
8,3584
8,3576
8,3544
8,3544
8,2840
5,2376
5,2376
5,3200
5,2496
5,3216
5,3216
5,2376
5,2376
5,2376
8,3992
8,3992
8,3992
8,3992
8,3992
8,3992
8,3992
8,3992
8,3992
8,2904
8,2904
8,2904
8,2904
8,2904
8,2904
8,2904
8,2904
8,2904
8,6080
8,2904
8,2904
8,2904
8,6080
8,2904
8,6080
8,6080
8,6080
8,6480
8,4264
8,4264
8,4264
8,6480
8,4264
8,4264
8,4264
8,6480
5,2376
5,2376
5,3200
5,3216
5,2496
5,3216
5,2376
5,2376
5,2376
8,3992
8,3992
8,3992
8,3992
8,3992
8,3992
8,3992
8,3992
8,3992
8,2904
8,2904
8,2904
8,2904
8,2904
8,2904
8,2904
8,2904
8,2904
8,6080
8,2904
8,2904
8,2904
8,6080
8,2904
8,6080
8,6080
8,6080
8,6480
8,4264
8,4264
8,4264
8,6480
8,4264
8,4264
8,4264
8,6480
5,2376
5,2376
5,3200
5,3273
5,3216
5,2496
5,2376
5,2376
5,2376
8,3992
8,3992
8,3992
8,3992
8,3992
8,3992
8,3992
8,3992
8,3992
8,2904
8,2904
8,2904
8,2904
8,2904
8,2904
8,2904
8,2904
8,2904
8,6080
8,2904
8,2904
8,2904
8,6080
8,2904
8,6080
8,6080
8,6080
8,6480
8,4264
8,4264
8,4264
8,6480
8,4264
8,4264
8,4264
8,6480
5,2360
5,2360
5,2064
5,3808
5,3808
5,3808
5,2064
5,4136
5,4136
8,5088
8,5088
8,5088
8,5088
8,5088
8,5088
8,5088
8,5088
8,5088
8,2840
8,2840
8,2840
8,2840
8,2840
8,2840
8,2840
8,2840
8,2840
8,4280
8,2840
8,2840
8,2840
8,4280
8,2840
8,4280
8,4280
8,4280
8,6416
8,5360
8,5360
8,5360
8,6416
8,5360
8,5360
8,5360
8,6416
5,2360
5,2360
5,2064
5,3808
5,3808
5,3808
5,4136
5,2064
5,4136
8,5088
8,5088
8,5088
8,5088
8,5088
8,5088
8,5088
8,5088
8,5088
8,2840
8,2840
8,2840
8,2840
8,2840
8,2840
8,2840
8,2840
8,2840
8,4280
8,2840
8,2840
8,2840
8,4280
8,2840
8,4280
8,4280
8,4280
8,6416
8,5360
8,5360
8,5360
8,6416
8,5360
8,5360
8,5360
8,6416
5,2336
5,2336
5,2064
5,2592
5,2592
5,2592
5,4120
5,4120
5,2064
8,2840
8,2840
8,2840
8,2840
8,2840
8,2840
8,2840
8,2840
8,2840
8,4216
8,4216
8,4216
8,4216
8,4216
8,4216
8,4216
8,4216
8,4216
8,4280
8,4344
8,4344
8,4344
8,4280
8,4344
8,4280
8,4280
8,4280
8,4744
8,4744
8,4744
8,4744
8,4744
8,4744
8,4744
8,4744
8,4744
8,2536
8,2536
8,3296
8,3280
8,3280
8,3280
8,2536
8,2536
8,2536
11,2968
11,2968
11,2968
11,2968
11,2968
11,2968
11,2968
11,2968
11,2968
11,4200
11,4200
11,4200
11,4200
11,2968
11,2968
11,4200
11,2968
11,2968
11,4200
11,2968
11,2968
11,4200
11,4200
11,2968
11,4200
11,4200
11,4200
11,4416
11,3112
11,3112
11,3112
11,4488
11,3152
11,3112
11,3152
11,4488
8,2536
8,2536
8,3296
8,3288
8,3288
8,3288
8,2536
8,2536
8,2536
11,2968
11,2968
11,3008
11,2968
11,2968
11,3008
11,3008
11,3008
11,3048
11,4200
11,4200
11,4200
11,4200
11,4200
11,4200
11,4200
11,4200
11,2968
11,4200
11,4200
11,2968
11,4200
11,4200
11,2968
11,4200
11,4200
11,4200
11,4416
11,4448
11,3280
11,4448
11,4488
11,3280
11,3280
11,3280
11,4488
8,3264
8,3296
8,3264
8,3664
8,3664
8,3664
8,5072
8,5072
8,2536
11,2968
11,2992
11,2968
11,2992
11,2968
11,2968
11,2968
11,2968
11,2968
11,4200
11,4200
11,4200
11,4200
11,4200
11,4200
11,4200
11,4200
11,4200
11,4200
11,4200
11,4200
11,4200
11,4200
11,4200
11,4200
11,4200
11,4200
11,4416
11,4448
11,4448
11,4448
11,4488
11,4488
11,4448
11,4488
11,4488
8,2536
8,2536
8,3296
8,3288
8,3288
8,3288
8,2536
8,2536
8,2536
11,2968
11,2968
11,3008
11,2968
11,2968
11,3008
11,3008
11,3008
11,3048
11,4200
11,4200
11,4200
11,4200
11,4200
11,4200
11,4200
11,4200
11,2968
11,4200
11,4200
11,2968
11,4200
11,4200
11,2968
11,4200
11,4200
11,4200
11,4488
11,4448
11,3280
11,4448
11,4416
11,3280
11,3280
11,3280
11,4488
8,2536
8,2536
8,3296
8,3280
8,3280
8,3280
8,2536
8,2536
8,2536
11,2968
11,2968
11,2968
11,2968
11,2968
11,2968
11,2968
11,2968
11,2968
11,2968
11,4200
11,2968
11,4200
11,4200
11,4200
11,2968
11,4200
11,2968
11,4200
11,4200
11,2968
11,2968
11,4200
11,2968
11,4200
11,4200
11,4200
11,4488
11,3112
11,3152
11,3112
11,4416
11,3112
11,3152
11,3112
11,4488
8,3296
8,3264
8,3264
8,3664
8,3664
8,3664
8,5072
8,5072
8,2536
11,2968
11,2992
11,2968
11,2992
11,2968
11,2968
11,2968
11,2968
11,2968
11,4200
11,4200
11,4200
11,4200
11,4200
11,4200
11,4200
11,4200
11,4200
11,4200
11,4200
11,4200
11,4200
11,4200
11,4200
11,4200
11,4200
11,4200
11,4488
11,4448
11,4488
11,4448
11,4416
11,4448
11,4488
11,4448
11,4488
8,3264
8,3296
8,3264
8,3664
8,3664
8,3664
8,5072
8,5072
8,2536
11,2968
11,2992
11,2968
11,2992
11,2968
11,2968
11,2968
11,2968
11,2968
11,4200
11,4200
11,4200
11,4200
11,4200
11,4200
11,4200
11,4200
11,4200
11,4200
11,4200
11,4200
11,4200
11,4200
11,4200
11,4200
11,4200
11,4200
11,4488
11,4488
11,4448
11,4488
11,4488
11,4448
11,4448
11,4448
11,4416
8,3296
8,3264
8,3264
8,3664
8,3664
8,3664
8,5072
8,5072
8,2536
11,2968
11,2992
11,2968
11,2992
11,2968
11,2968
11,2968
11,2968
11,2968
11,4200
11,4200
11,4200
11,4200
11,4200
11,4200
11,4200
11,4200
11,4200
11,4200
11,4200
11,4200
11,4200
11,4200
11,4200
11,4200
11,4200
11,4200
11,4488
11,4488
11,4448
11,4488
11,4488
11,4448
11,4448
11,4448
11,4416
8,3296
8,3296
8,3232
8,3664
8,3664
8,3664
8,5072
8,5072
8,2536
11,2968
11,3032
11,2968
11,3032
11,2968
11,2968
11,2968
11,2968
11,2968
11,4200
11,4200
11,4200
11,4200
11,4200
11,4200
11,4200
11,4200
11,4200
11,4200
11,4200
11,4200
11,4200
11,4200
11,4200
11,4200
11,4200
11,4200
11,4488
11,4488
11,4448
11,4488
11,4488
11,4448
11,4448
11,4448
11,4416
8,2536
8,2536
8,2536
8,5904
8,5904
8,5904
8,4168
8,4168
8,4168
11,4520
11,4520
11,4520
11,4520
11,4520
11,4520
11,4520
11,4520
11,4520
11,2968
11,3256
11,3256
11,3256
11,3312
11,3736
11,3256
11,3736
11,3312
11,3352
11,3416
11,3416
11,3384
11,3424
11,3480
11,3384
11,3424
11,3424
11,4520
11,4520
11,4520
11,4520
11,4520
11,4520
11,4520
11,4520
11,4520
8,2536
8,2536
8,2536
8,5904
8,5904
8,5904
8,4168
8,4168
8,4168
11,4520
11,4520
11,4520
11,4520
11,4520
11,4520
11,4520
11,4520
11,4520
11,3272
11,2968
11,3696
11,2968
11,3272
11,3696
11,3696
11,3696
11,3312
11,3776
11,3408
11,3448
11,3408
11,3776
11,3448
11,3808
11,3808
11,3848
11,4520
11,4520
11,4520
11,4520
11,4520
11,4520
11,4520
11,4520
11,4520
8,2536
8,2536
8,2536
8,5904
8,5904
8,5904
8,4168
8,4168
8,4168
11,4520
11,4520
11,4520
11,4520
11,4520
11,4520
11,4520
11,4520
11,4520
11,3272
11,3696
11,2968
11,3696
11,3312
11,3696
11,2968
11,3696
11,3272
11,3776
11,3448
11,3408
11,3808
11,3848
11,3440
11,3776
11,3816
11,3776
11,4520
11,4520
11,4520
11,4520
11,4520
11,4520
11,4520
11,4520
11,4520
8,2536
8,2536
8,2536
8,5904
8,5904
8,5904
8,4168
8,4168
8,4168
11,4520
11,4520
11,4520
11,4520
11,4520
11,4520
11,4520
11,4520
11,4520
11,3272
11,2968
11,3696
11,2968
11,3272
11,3696
11,3696
11,3696
11,3312
11,3776
11,3408
11,3448
11,3408
11,3776
11,3448
11,3808
11,3808
11,3848
11,4520
11,4520
11,4520
11,4520
11,4520
11,4520
11,4520
11,4520
11,4520
8,2536
8,2536
8,2536
8,5904
8,5904
8,5904
8,4168
8,4168
8,4168
11,4520
11,4520
11,4520
11,4520
11,4520
11,4520
11,4520
11,4520
11,4520
11,3312
11,3256
11,3736
11,3256
11,2968
11,3256
11,3736
11,3256
11,3312
11,3424
11,3384
11,3480
11,3416
11,3352
11,3416
11,3424
11,3384
11,3424
11,4520
11,4520
11,4520
11,4520
11,4520
11,4520
11,4520
11,4520
11,4520
8,2536
8,2536
8,2536
8,5904
8,5904
8,5904
8,4168
8,4168
8,4168
11,4520
11,4520
11,4520
11,4520
11,4520
11,4520
11,4520
11,4520
11,4520
11,3312
11,3696
11,3696
11,3696
11,3272
11,2968
11,3696
11,2968
11,3272
11,3848
11,3808
11,3440
11,3448
11,3776
11,3408
11,3816
11,3776
11,3776
11,4520
11,4520
11,4520
11,4520
11,4520
11,4520
11,4520
11,4520
11,4520
8,2536
8,2536
8,2536
8,5904
8,5904
8,5904
8,4168
8,4168
8,4168
11,4520
11,4520
11,4520
11,4520
11,4520
11,4520
11,4520
11,4520
11,4520
11,3272
11,3696
11,2968
11,3696
11,3312
11,3696
11,2968
11,3696
11,3272
11,3776
11,3448
11,3408
11,3808
11,3848
11,3440
11,3776
11,3816
11,3776
11,4520
11,4520
11,4520
11,4520
11,4520
11,4520
11,4520
11,4520
11,4520
8,2536
8,2536
8,2536
8,5904
8,5904
8,5904
8,4168
8,4168
8,4168
11,4520
11,4520
11,4520
11,4520
11,4520
11,4520
11,4520
11,4520
11,4520
11,3312
11,3696
11,3696
11,3696
11,3272
11,2968
11,3696
11,2968
11,3272
11,3848
11,3808
11,3440
11,3448
11,3776
11,3408
11,3816
11,3776
11,3776
11,4520
11,4520
11,4520
11,4520
11,4520
11,4520
11,4520
11,4520
11,4520
8,2536
8,2536
8,2536
8,5904
8,5904
8,5904
8,4168
8,4168
8,4168
11,4520
11,4520
11,4520
11,4520
11,4520
11,4520
11,4520
11,4520
11,4520
11,3312
11,3736
11,3256
11,3736
11,3312
11,3256
11,3256
11,3256
11,2968
11,3424
11,3480
11,3384
11,3480
11,3424
11,3384
11,3392
11,3392
11,3352
11,4520
11,4520
11,4520
11,4520
11,4520
11,4520
11,4520
11,4520
11,4520
8,2552
8,2624
8,2536
8,6032
8,6032
8,6032
8,4296
8,4296
8,4296
11,4648
11,4648
11,4648
11,4648
11,4648
11,4648
11,4648
11,4648
11,4648
11,3368
11,3792
11,3792
11,3792
11,3440
11,3864
11,3792
11,3864
11,3440
11,2968
11,3536
11,3536
11,3536
11,2968
11,3608
11,2968
11,2968
11,2968
11,4648
11,4648
11,4648
11,4648
11,4648
11,4648
11,4648
11,4648
11,4648
8,2584
8,2592
8,2536
8,6032
8,6032
8,6032
8,4296
8,4296
8,4296
11,4648
11,4648
11,4648
11,4648
11,4648
11,4648
11,4648
11,4648
11,4648
11,3408
11,3792
11,3832
11,3792
11,3400
11,3824
11,3832
11,3824
11,3440
11,3520
11,2968
11,3568
11,3544
11,3520
11,3576
11,3560
11,3552
11,3592
11,4648
11,4648
11,4648
11,4648
11,4648
11,4648
11,4648
11,4648
11,4648
8,2584
8,2624
8,2536
8,6032
8,6032
8,6032
8,4296
8,4296
8,4296
11,4648
11,4648
11,4648
11,4648
11,4648
11,4648
11,4648
11,4648
11,4648
11,3408
11,3832
11,3792
11,3832
11,3440
11,3824
11,3792
11,3824
11,3400
11,3520
11,3568
11,2968
11,3576
11,3592
11,3568
11,3528
11,3560
11,3520
11,4648
11,4648
11,4648
11,4648
11,4648
11,4648
11,4648
11,4648
11,4648
8,2592
8,2584
8,2536
8,6032
8,6032
8,6032
8,4296
8,4296
8,4296
11,4648
11,4648
11,4648
11,4648
11,4648
11,4648
11,4648
11,4648
11,4648
11,3400
11,3792
11,3824
11,3792
11,3408
11,3832
11,3824
11,3832
11,3440
11,3520
11,3544
11,3576
11,2968
11,3520
11,3568
11,3552
11,3560
11,3592
11,4648
11,4648
11,4648
11,4648
11,4648
11,4648
11,4648
11,4648
11,4648
8,2624
8,2552
8,2536
8,6032
8,6032
8,6032
8,4296
8,4296
8,4296
11,4648
11,4648
11,4648
11,4648
11,4648
11,4648
11,4648
11,4648
11,4648
11,3440
11,3792
11,3864
11,3792
11,3368
11,3792
11,3864
11,3792
11,3440
11,2968
11,3536
11,3608
11,3536
11,2968
11,3536
11,2968
11,2968
11,2968
11,4648
11,4648
11,4648
11,4648
11,4648
11,4648
11,4648
11,4648
11,4648
8,2624
8,2584
8,2536
8,6032
8,6032
8,6032
8,4296
8,4296
8,4296
11,4648
11,4648
11,4648
11,4648
11,4648
11,4648
11,4648
11,4648
11,4648
11,3440
11,3832
11,3824
11,3832
11,3408
11,3792
11,3824
11,3792
11,3400
11,3592
11,3576
11,3568
11,3568
11,3520
11,2968
11,3560
11,3528
11,3520
11,4648
11,4648
11,4648
11,4648
11,4648
11,4648
11,4648
11,4648
11,4648
8,2592
8,2624
8,2536
8,6032
8,6032
8,6032
8,4296
8,4296
8,4296
11,4648
11,4648
11,4648
11,4648
11,4648
11,4648
11,4648
11,4648
11,4648
11,3400
11,3824
11,3792
11,3824
11,3440
11,3832
11,3792
11,3832
11,3408
11,2968
11,3576
11,3544
11,3568
11,2968
11,3576
11,2968
11,2968
11,2968
11,4648
11,4648
11,4648
11,4648
11,4648
11,4648
11,4648
11,4648
11,4648
8,2624
8,2592
8,2536
8,6032
8,6032
8,6032
8,4296
8,4296
8,4296
11,4648
11,4648
11,4648
11,4648
11,4648
11,4648
11,4648
11,4648
11,4648
11,3440
11,3824
11,3832
11,3824
11,3400
11,3792
11,3832
11,3792
11,3408
11,2968
11,3568
11,3576
11,3576
11,2968
11,3544
11,2968
11,2968
11,2968
11,4648
11,4648
11,4648
11,4648
11,4648
11,4648
11,4648
11,4648
11,4648
8,2624
8,2624
8,2536
8,6032
8,6032
8,6032
8,4296
8,4296
8,4296
11,4648
11,4648
11,4648
11,4648
11,4648
11,4648
11,4648
11,4648
11,4648
11,3440
11,3864
11,3792
11,3864
11,3440
11,3792
11,3792
11,3792
11,3368
11,2968
11,3608
11,3536
11,3608
11,2968
11,3536
11,2968
11,2968
11,2968
11,4648
11,4648
11,4648
11,4648
11,4648
11,4648
11,4648
11,4648
11,4648
8,2952
8,3024
8,3568
8,6432
8,6432
8,6432
8,4696
8,4696
8,4696
11,5048
11,5048
11,5048
11,5048
11,5048
11,5048
11,5048
11,5048
11,5048
11,3768
11,4192
11,4192
11,4192
11,3840
11,4264
11,4192
11,4264
11,3840
11,4472
11,3936
11,3936
11,3936
11,4528
11,4008
11,4496
11,4528
11,4528
11,2968
11,5048
11,5048
11,5048
11,5176
11,5048
11,5048
11,5048
11,5176
8,2984
8,3016
8,3568
8,6432
8,6432
8,6432
8,4696
8,4696
8,4696
11,5048
11,5048
11,5048
11,5048
11,5048
11,5048
11,5048
11,5048
11,5048
11,3800
11,4192
11,4224
11,4192
11,3800
11,4224
11,4224
11,4224
11,3840
11,4472
11,4472
11,3968
11,4472
11,4472
11,4000
11,4496
11,4488
11,4528
11,5048
11,2968
11,5048
11,5048
11,5048
11,5048
11,5048
11,5048
11,5176
8,3528
8,3024
8,3560
8,6432
8,6432
8,6432
8,4696
8,4696
8,4696
11,5048
11,5048
11,5048
11,5048
11,5048
11,5048
11,5048
11,5048
11,5048
11,3800
11,4224
11,4192
11,4224
11,3840
11,4224
11,4192
11,4224
11,3800
11,4472
11,4488
11,4472
11,3968
11,4528
11,3968
11,4472
11,4496
11,4472
11,5048
11,5136
11,2968
11,5168
11,5176
11,5168
11,5048
11,5136
11,5048
8,3016
8,2984
8,3568
8,6432
8,6432
8,6432
8,4696
8,4696
8,4696
11,5048
11,5048
11,5048
11,5048
11,5048
11,5048
11,5048
11,5048
11,5048
11,3800
11,4192
11,4224
11,4192
11,3800
11,4224
11,4224
11,4224
11,3840
11,4472
11,4472
11,4000
11,4472
11,4472
11,3968
11,4488
11,4496
11,4528
11,5048
11,5048
11,5048
11,2968
11,5048
11,5048
11,5048
11,5048
11,5176
8,3024
8,2952
8,3568
8,6432
8,6432
8,6432
8,4696
8,4696
8,4696
11,5048
11,5048
11,5048
11,5048
11,5048
11,5048
11,5048
11,5048
11,5048
11,3840
11,4192
11,4264
11,4192
11,3768
11,4192
11,4264
11,4192
11,3840
11,4528
11,3936
11,4008
11,3936
11,4472
11,3936
11,4528
11,4496
11,4528
11,5176
11,5048
11,5048
11,5048
11,2968
11,5048
11,5048
11,5048
11,5176
8,3024
8,3528
8,3560
8,6432
8,6432
8,6432
8,4696
8,4696
8,4696
11,5048
11,5048
11,5048
11,5048
11,5048
11,5048
11,5048
11,5048
11,5048
11,3840
11,4224
11,4224
11,4224
11,3800
11,4192
11,4224
11,4192
11,3800
11,4528
11,3968
11,3968
11,4488
11,4472
11,4472
11,4496
11,4472
11,4472
11,5176
11,5168
11,5168
11,5136
11,5048
11,2968
11,5136
11,5048
11,5048
8,3560
8,3024
8,3528
8,6432
8,6432
8,6432
8,4696
8,4696
8,4696
11,5048
11,5048
11,5048
11,5048
11,5048
11,5048
11,5048
11,5048
11,5048
11,3800
11,4224
11,4192
11,4224
11,3840
11,4224
11,4192
11,4224
11,3800
11,4472
11,4472
11,4472
11,3968
11,4472
11,3968
11,4472
11,4472
11,4472
11,5048
11,5136
11,5048
11,5168
11,5176
11,5168
11,2968
11,5136
11,5048
8,3024
8,3560
8,3528
8,6432
8,6432
8,6432
8,4696
8,4696
8,4696
11,5048
11,5048
11,5048
11,5048
11,5048
11,5048
11,5048
11,5048
11,5048
11,3840
11,4224
11,4224
11,4224
11,3800
11,4192
11,4224
11,4192
11,3800
11,4472
11,3968
11,3968
11,4472
11,4472
11,4472
11,4472
11,4472
11,4472
11,5176
11,5168
11,5168
11,5136
11,5048
11,5048
11,5136
11,2968
11,5048
8,3024
8,3024
8,2536
8,6432
8,6432
8,6432
8,4696
8,4696
8,4696
11,5048
11,5048
11,5048
11,5048
11,5048
11,5048
11,5048
11,5048
11,5048
11,3840
11,4264
11,4192
11,4264
11,3840
11,4192
11,4192
11,4192
11,3768
11,4472
11,4008
11,3936
11,4008
11,4472
11,3936
11,4472
11,4472
11,4472
11,5176
11,5176
11,5168
11,5176
11,5176
11,5168
11,5136
11,5136
11,2968
